Workbook

Sheet digestion_page
A1: Date: | B1: 46216
A2: Request ID: | B2: 100048725
A5: Microwave
A6: Analyte(s) | B6: Ca, Cr, Cu, Fe, K, Na, Ni, Zn
A7: SOP#
A8: Acid Cocktail | B8: 9 mL HCl, 3 mL HNO3, 6 mL H2SO4
A9: Rack | B9: 7
A10: Vessel | B10: PTFE
A11: Stir | B11: 0.9
A12: Time (min) | B12: Power (W) | C12: T1 (°C) | D12: T2 (°C) | E12: P (bar)
A13: 15 | B13: 1200 | C13: 180 | D13: 65 | E13: 110
A14: 15 | B14: 1500 | C14: 240 | D14: 65 | E14: 110
A15: 30 | B15: 1500 | C15: 240 | D15: 65 | E15: 110
A16: sample(s) | B16: weight (g) | C16: volume (mL)
A17: 200128458_1 | B17: 1.2525 | C17: 50
A18: 200128458_2 | B18: 1.2525 | C18: 50
A19: 200128458_3 | B19: 1.2543 | C19: 50
A20: 200128459_1 | B20: 1.2555 | C20: 50
A21: 200128459_2 | B21: 1.255 | C21: 50
A22: 200128459_3 | B22: 1.2544 | C22: 50
A23: 200128460_1 | B23: 1.2531 | C23: 50
A24: 200128460_2 | B24: 1.2526 | C24: 50
A25: 200128460_3 | B25: 1.2577 | C25: 50
A26: 200128461_1 | B26: 1.2557 | C26: 50
A27: 200128461_2 | B27: 1.2545 | C27: 50
A28: 200128461_3 | B28: 1.2561 | C28: 50

Sheet 200128458
A1: Date: | B1: 46216
A2: Request ID: | B2: 100048725
A5: Ca ICP analysis
A6: sample | B6: Dilution | C6: conc. [mg/L] | D6: Ca_ppm | E6: %Ca
A7: 200128458_1 | B7: ="1/1" -> 1/1 | C7: =AVERAGE(3.664,3.387,3.605) -> 3.552 | D7: =((C7)*(H7)*(I7))/(G7*1) -> 141.79641 | E7: =D7/10000 -> 0.014179641 | G7: =digestion_page!B17 -> 1.2525 | H7: =digestion_page!C17 -> 50 | I7: =(LEFT(B7,FIND("/",B7)-1)/RIGHT(B7,LEN(B7)-FIND("/", B7))) -> 1
A8: 200128458_2 | B8: ="1/1" -> 1/1 | C8: =AVERAGE(3.621,3.377,3.595) -> 3.531 | D8: =((C8)*(H8)*(I8))/(G8*1) -> 140.95808 | E8: =D8/10000 -> 0.014095808 | G8: =digestion_page!B18 -> 1.2525 | H8: =digestion_page!C18 -> 50 | I8: =(LEFT(B8,FIND("/",B8)-1)/RIGHT(B8,LEN(B8)-FIND("/", B8))) -> 1
A9: 200128458_3 | B9: ="1/1" -> 1/1 | C9: =AVERAGE(3.566,3.321,3.543) -> 3.4766667 | D9: =((C9)*(H9)*(I9))/(G9*1) -> 138.58992 | E9: =D9/10000 -> 0.013858992 | G9: =digestion_page!B19 -> 1.2543 | H9: =digestion_page!C19 -> 50 | I9: =(LEFT(B9,FIND("/",B9)-1)/RIGHT(B9,LEN(B9)-FIND("/", B9))) -> 1
A11: ca result: | C11: =AVERAGE(D7:D9) -> 140.44814
A12: ca result: | C12: =AVERAGE(E7:E9) -> 0.014044814
A13: ca lot: | C13: Manufacturer: Assurance, 28-35CAY exp: 2026-10-30
A15: Cr ICP analysis
A16: sample | B16: Dilution | C16: conc. [mg/L] | D16: Cr_ppm | E16: %Cr
A17: 200128458_1 | B17: ="1/1" -> 1/1 | C17: =AVERAGE(1.578,1.492,1.554) -> 1.5413333 | D17: =((C17)*(H17)*(I17))/(G17*1) -> 61.530273 | E17: =D17/10000 -> 0.0061530273 | G17: =digestion_page!B17 -> 1.2525 | H17: =digestion_page!C17 -> 50 | I17: =(LEFT(B17,FIND("/",B17)-1)/RIGHT(B17,LEN(B17)-FIND("/", B17))) -> 1
A18: 200128458_2 | B18: ="1/1" -> 1/1 | C18: =AVERAGE(1.616,1.52,1.56) -> 1.5653333 | D18: =((C18)*(H18)*(I18))/(G18*1) -> 62.488357 | E18: =D18/10000 -> 0.0062488357 | G18: =digestion_page!B18 -> 1.2525 | H18: =digestion_page!C18 -> 50 | I18: =(LEFT(B18,FIND("/",B18)-1)/RIGHT(B18,LEN(B18)-FIND("/", B18))) -> 1
A19: 200128458_3 | B19: ="1/1" -> 1/1 | C19: =AVERAGE(1.61,1.509,1.553) -> 1.5573333 | D19: =((C19)*(H19)*(I19))/(G19*1) -> 62.079779 | E19: =D19/10000 -> 0.0062079779 | G19: =digestion_page!B19 -> 1.2543 | H19: =digestion_page!C19 -> 50 | I19: =(LEFT(B19,FIND("/",B19)-1)/RIGHT(B19,LEN(B19)-FIND("/", B19))) -> 1
A21: cr result: | C21: =AVERAGE(D17:D19) -> 62.032803
A22: cr result: | C22: =AVERAGE(E17:E19) -> 0.0062032803
A23: cr lot: | C23: Manufacturer: Ricca, 45120423 exp: 2027-05-31
A25: Cu ICP analysis
A26: sample | B26: Dilution | C26: conc. [mg/L] | D26: Cu_ppm | E26: %Cu
A27: 200128458_1 | B27: ="1/1" -> 1/1 | C27: 3.153 | D27: =((C27)*(H27)*(I27))/(G27*1) -> 125.86826 | E27: =D27/10000 -> 0.012586826 | G27: =digestion_page!B17 -> 1.2525 | H27: =digestion_page!C17 -> 50 | I27: =(LEFT(B27,FIND("/",B27)-1)/RIGHT(B27,LEN(B27)-FIND("/", B27))) -> 1
A28: 200128458_2 | B28: ="1/1" -> 1/1 | C28: 3.207 | D28: =((C28)*(H28)*(I28))/(G28*1) -> 128.02395 | E28: =D28/10000 -> 0.012802395 | G28: =digestion_page!B18 -> 1.2525 | H28: =digestion_page!C18 -> 50 | I28: =(LEFT(B28,FIND("/",B28)-1)/RIGHT(B28,LEN(B28)-FIND("/", B28))) -> 1
A29: 200128458_3 | B29: ="1/1" -> 1/1 | C29: 3.184 | D29: =((C29)*(H29)*(I29))/(G29*1) -> 126.92338 | E29: =D29/10000 -> 0.012692338 | G29: =digestion_page!B19 -> 1.2543 | H29: =digestion_page!C19 -> 50 | I29: =(LEFT(B29,FIND("/",B29)-1)/RIGHT(B29,LEN(B29)-FIND("/", B29))) -> 1
A31: cu result: | C31: =AVERAGE(D27:D29) -> 126.93853
A32: cu result: | C32: =AVERAGE(E27:E29) -> 0.012693853
A33: cu lot: | C33: Manufacturer: Assurance, 28-83CUT exp: 2026-09-30
A35: Fe ICP analysis
A36: sample | B36: Dilution | C36: conc. [mg/L] | D36: Fe_ppm | E36: %Fe
A37: 200128458_1 | B37: ="1/1" -> 1/1 | C37: =AVERAGE(2.047,2.216) -> 2.1315 | D37: =((C37)*(H37)*(I37))/(G37*1) -> 85.08982 | E37: =D37/10000 -> 0.008508982 | G37: =digestion_page!B17 -> 1.2525 | H37: =digestion_page!C17 -> 50 | I37: =(LEFT(B37,FIND("/",B37)-1)/RIGHT(B37,LEN(B37)-FIND("/", B37))) -> 1
A38: 200128458_2 | B38: ="1/1" -> 1/1 | C38: =AVERAGE(2.074,2.243) -> 2.1585 | D38: =((C38)*(H38)*(I38))/(G38*1) -> 86.167665 | E38: =D38/10000 -> 0.0086167665 | G38: =digestion_page!B18 -> 1.2525 | H38: =digestion_page!C18 -> 50 | I38: =(LEFT(B38,FIND("/",B38)-1)/RIGHT(B38,LEN(B38)-FIND("/", B38))) -> 1
A39: 200128458_3 | B39: ="1/1" -> 1/1 | C39: =AVERAGE(1.972,2.122) -> 2.047 | D39: =((C39)*(H39)*(I39))/(G39*1) -> 81.599298 | E39: =D39/10000 -> 0.0081599298 | G39: =digestion_page!B19 -> 1.2543 | H39: =digestion_page!C19 -> 50 | I39: =(LEFT(B39,FIND("/",B39)-1)/RIGHT(B39,LEN(B39)-FIND("/", B39))) -> 1
A41: fe result: | C41: =AVERAGE(D37:D39) -> 84.285594
A42: fe result: | C42: =AVERAGE(E37:E39) -> 0.0084285594
A43: fe lot: | C43: Manufacturer: Assurance, 28-180FEY exp: 2027-07-30
A45: K ICP analysis
A46: sample | B46: Dilution | C46: conc. [mg/L] | D46: K_ppm | E46: %K
A47: 200128458_1 | B47: ="10/1" -> 10/1 | C47: =AVERAGE(0.357,0.355) -> 0.356 | D47: =((C47)*(H47)*(I47))/(G47*1) -> 142.11577 | E47: =D47/10000 -> 0.014211577 | G47: =digestion_page!B17 -> 1.2525 | H47: =digestion_page!C17 -> 50 | I47: =(LEFT(B47,FIND("/",B47)-1)/RIGHT(B47,LEN(B47)-FIND("/", B47))) -> 10
A48: 200128458_2 | B48: ="10/1" -> 10/1 | C48: =AVERAGE(0.342,0.339) -> 0.3405 | D48: =((C48)*(H48)*(I48))/(G48*1) -> 135.92814 | E48: =D48/10000 -> 0.013592814 | G48: =digestion_page!B18 -> 1.2525 | H48: =digestion_page!C18 -> 50 | I48: =(LEFT(B48,FIND("/",B48)-1)/RIGHT(B48,LEN(B48)-FIND("/", B48))) -> 10
A49: 200128458_3 | B49: ="10/1" -> 10/1 | C49: =AVERAGE(0.321,0.321) -> 0.321 | D49: =((C49)*(H49)*(I49))/(G49*1) -> 127.95982 | E49: =D49/10000 -> 0.012795982 | G49: =digestion_page!B19 -> 1.2543 | H49: =digestion_page!C19 -> 50 | I49: =(LEFT(B49,FIND("/",B49)-1)/RIGHT(B49,LEN(B49)-FIND("/", B49))) -> 10
A51: k result: | C51: =AVERAGE(D47:D49) -> 135.33458
A52: k result: | C52: =AVERAGE(E47:E49) -> 0.013533458
A53: k lot: | C53: Manufacturer: Assurance, 28-6KY exp: 2026-08-30
A55: Na ICP analysis
A56: sample | B56: Dilution | C56: conc. [mg/L] | D56: Na_ppm | E56: %Na
A57: 200128458_1 | B57: ="10/1" -> 10/1 | C57: =AVERAGE(0.544,0.544) -> 0.544 | D57: =((C57)*(H57)*(I57))/(G57*1) -> 217.16567 | E57: =D57/10000 -> 0.021716567 | G57: =digestion_page!B17 -> 1.2525 | H57: =digestion_page!C17 -> 50 | I57: =(LEFT(B57,FIND("/",B57)-1)/RIGHT(B57,LEN(B57)-FIND("/", B57))) -> 10
A58: 200128458_2 | B58: ="10/1" -> 10/1 | C58: =AVERAGE(0.513,0.527) -> 0.52 | D58: =((C58)*(H58)*(I58))/(G58*1) -> 207.58483 | E58: =D58/10000 -> 0.020758483 | G58: =digestion_page!B18 -> 1.2525 | H58: =digestion_page!C18 -> 50 | I58: =(LEFT(B58,FIND("/",B58)-1)/RIGHT(B58,LEN(B58)-FIND("/", B58))) -> 10
A59: 200128458_3 | B59: ="10/1" -> 10/1 | C59: =AVERAGE(0.505,0.509) -> 0.507 | D59: =((C59)*(H59)*(I59))/(G59*1) -> 202.10476 | E59: =D59/10000 -> 0.020210476 | G59: =digestion_page!B19 -> 1.2543 | H59: =digestion_page!C19 -> 50 | I59: =(LEFT(B59,FIND("/",B59)-1)/RIGHT(B59,LEN(B59)-FIND("/", B59))) -> 10
A61: na result: | C61: =AVERAGE(D57:D59) -> 208.95175
A62: na result: | C62: =AVERAGE(E57:E59) -> 0.020895175
A63: na lot: | C63: Manufacturer: Assurance, 27-159NAY exp: 2026-08-30
A65: Ni ICP analysis
A66: sample | B66: Dilution | C66: conc. [mg/L] | D66: Ni_ppm | E66: %Ni
A67: 200128458_1 | B67: ="1/1" -> 1/1 | C67: 2.026 | D67: =((C67)*(H67)*(I67))/(G67*1) -> 80.878244 | E67: =D67/10000 -> 0.0080878244 | G67: =digestion_page!B17 -> 1.2525 | H67: =digestion_page!C17 -> 50 | I67: =(LEFT(B67,FIND("/",B67)-1)/RIGHT(B67,LEN(B67)-FIND("/", B67))) -> 1
A68: 200128458_2 | B68: ="1/1" -> 1/1 | C68: 2.055 | D68: =((C68)*(H68)*(I68))/(G68*1) -> 82.035928 | E68: =D68/10000 -> 0.0082035928 | G68: =digestion_page!B18 -> 1.2525 | H68: =digestion_page!C18 -> 50 | I68: =(LEFT(B68,FIND("/",B68)-1)/RIGHT(B68,LEN(B68)-FIND("/", B68))) -> 1
A69: 200128458_3 | B69: ="1/1" -> 1/1 | C69: 1.993 | D69: =((C69)*(H69)*(I69))/(G69*1) -> 79.446703 | E69: =D69/10000 -> 0.0079446703 | G69: =digestion_page!B19 -> 1.2543 | H69: =digestion_page!C19 -> 50 | I69: =(LEFT(B69,FIND("/",B69)-1)/RIGHT(B69,LEN(B69)-FIND("/", B69))) -> 1
A71: ni result: | C71: =AVERAGE(D67:D69) -> 80.786958
A72: ni result: | C72: =AVERAGE(E67:E69) -> 0.0080786958
A73: ni lot: | C73: Manufacturer: Assurance, 28-130NIT exp: 2026-10-30
A75: Zn ICP analysis
A76: sample | B76: Dilution | C76: conc. [mg/L] | D76: Zn_ppm | E76: %Zn
A77: 200128458_1 | B77: ="1/1" -> 1/1 | C77: =AVERAGE(1.338,1.408) -> 1.373 | D77: =((C77)*(H77)*(I77))/(G77*1) -> 54.810379 | E77: =D77/10000 -> 0.0054810379 | G77: =digestion_page!B17 -> 1.2525 | H77: =digestion_page!C17 -> 50 | I77: =(LEFT(B77,FIND("/",B77)-1)/RIGHT(B77,LEN(B77)-FIND("/", B77))) -> 1
A78: 200128458_2 | B78: ="1/1" -> 1/1 | C78: =AVERAGE(1.356,1.424) -> 1.39 | D78: =((C78)*(H78)*(I78))/(G78*1) -> 55.489022 | E78: =D78/10000 -> 0.0055489022 | G78: =digestion_page!B18 -> 1.2525 | H78: =digestion_page!C18 -> 50 | I78: =(LEFT(B78,FIND("/",B78)-1)/RIGHT(B78,LEN(B78)-FIND("/", B78))) -> 1
A79: 200128458_3 | B79: ="1/1" -> 1/1 | C79: =AVERAGE(1.315,1.368) -> 1.3415 | D79: =((C79)*(H79)*(I79))/(G79*1) -> 53.476042 | E79: =D79/10000 -> 0.0053476042 | G79: =digestion_page!B19 -> 1.2543 | H79: =digestion_page!C19 -> 50 | I79: =(LEFT(B79,FIND("/",B79)-1)/RIGHT(B79,LEN(B79)-FIND("/", B79))) -> 1
A81: zn result: | C81: =AVERAGE(D77:D79) -> 54.591815
A82: zn result: | C82: =AVERAGE(E77:E79) -> 0.0054591815
A83: zn lot: | C83: Manufacturer: Assurance, 28-58ZNY exp: 2026-10-30
B85: Note(s):

Sheet 200128459
A1: Date: | B1: 46216
A2: Request ID: | B2: 100048725
A5: Ca ICP analysis
A6: sample | B6: Dilution | C6: conc. [mg/L] | D6: Ca_ppm | E6: %Ca
A7: 200128459_1 | B7: ="1/1" -> 1/1 | C7: =AVERAGE(3.295,3.169,3.367) -> 3.277 | D7: =((C7)*(H7)*(I7))/(G7*1) -> 130.50577 | E7: =D7/10000 -> 0.013050577 | G7: =digestion_page!B20 -> 1.2555 | H7: =digestion_page!C20 -> 50 | I7: =(LEFT(B7,FIND("/",B7)-1)/RIGHT(B7,LEN(B7)-FIND("/", B7))) -> 1
A8: 200128459_2 | B8: ="1/1" -> 1/1 | C8: =AVERAGE(3.192,3.083,3.29) -> 3.1883333 | D8: =((C8)*(H8)*(I8))/(G8*1) -> 127.02523 | E8: =D8/10000 -> 0.012702523 | G8: =digestion_page!B21 -> 1.255 | H8: =digestion_page!C21 -> 50 | I8: =(LEFT(B8,FIND("/",B8)-1)/RIGHT(B8,LEN(B8)-FIND("/", B8))) -> 1
A9: 200128459_3 | B9: ="1/1" -> 1/1 | C9: =AVERAGE(3.322,3.208,3.415) -> 3.315 | D9: =((C9)*(H9)*(I9))/(G9*1) -> 132.13489 | E9: =D9/10000 -> 0.013213489 | G9: =digestion_page!B22 -> 1.2544 | H9: =digestion_page!C22 -> 50 | I9: =(LEFT(B9,FIND("/",B9)-1)/RIGHT(B9,LEN(B9)-FIND("/", B9))) -> 1
A11: ca result: | C11: =AVERAGE(D7:D9) -> 129.88863
A12: ca result: | C12: =AVERAGE(E7:E9) -> 0.012988863
A13: ca lot: | C13: Manufacturer: Assurance, 28-35CAY exp: 2026-10-30
A15: Cr ICP analysis
A16: sample | B16: Dilution | C16: conc. [mg/L] | D16: Cr_ppm | E16: %Cr
A17: 200128459_1 | B17: ="1/1" -> 1/1 | C17: =AVERAGE(1.629,1.521,1.549) -> 1.5663333 | D17: =((C17)*(H17)*(I17))/(G17*1) -> 62.378866 | E17: =D17/10000 -> 0.0062378866 | G17: =digestion_page!B20 -> 1.2555 | H17: =digestion_page!C20 -> 50 | I17: =(LEFT(B17,FIND("/",B17)-1)/RIGHT(B17,LEN(B17)-FIND("/", B17))) -> 1
A18: 200128459_2 | B18: ="1/1" -> 1/1 | C18: =AVERAGE(1.573,1.46,1.496) -> 1.5096667 | D18: =((C18)*(H18)*(I18))/(G18*1) -> 60.146082 | E18: =D18/10000 -> 0.0060146082 | G18: =digestion_page!B21 -> 1.255 | H18: =digestion_page!C21 -> 50 | I18: =(LEFT(B18,FIND("/",B18)-1)/RIGHT(B18,LEN(B18)-FIND("/", B18))) -> 1
A19: 200128459_3 | B19: ="1/1" -> 1/1 | C19: =AVERAGE(1.652,1.524,1.539) -> 1.5716667 | D19: =((C19)*(H19)*(I19))/(G19*1) -> 62.646152 | E19: =D19/10000 -> 0.0062646152 | G19: =digestion_page!B22 -> 1.2544 | H19: =digestion_page!C22 -> 50 | I19: =(LEFT(B19,FIND("/",B19)-1)/RIGHT(B19,LEN(B19)-FIND("/", B19))) -> 1
A21: cr result: | C21: =AVERAGE(D17:D19) -> 61.7237
A22: cr result: | C22: =AVERAGE(E17:E19) -> 0.00617237
A23: cr lot: | C23: Manufacturer: Ricca, 45120423 exp: 2027-05-31
A25: Cu ICP analysis
A26: sample | B26: Dilution | C26: conc. [mg/L] | D26: Cu_ppm | E26: %Cu
A27: 200128459_1 | B27: ="1/1" -> 1/1 | C27: 3.985 | D27: =((C27)*(H27)*(I27))/(G27*1) -> 158.70171 | E27: =D27/10000 -> 0.015870171 | G27: =digestion_page!B20 -> 1.2555 | H27: =digestion_page!C20 -> 50 | I27: =(LEFT(B27,FIND("/",B27)-1)/RIGHT(B27,LEN(B27)-FIND("/", B27))) -> 1
A28: 200128459_2 | B28: ="1/1" -> 1/1 | C28: 4.063 | D28: =((C28)*(H28)*(I28))/(G28*1) -> 161.87251 | E28: =D28/10000 -> 0.016187251 | G28: =digestion_page!B21 -> 1.255 | H28: =digestion_page!C21 -> 50 | I28: =(LEFT(B28,FIND("/",B28)-1)/RIGHT(B28,LEN(B28)-FIND("/", B28))) -> 1
A29: 200128459_3 | B29: ="1/1" -> 1/1 | C29: 4.054 | D29: =((C29)*(H29)*(I29))/(G29*1) -> 161.5912 | E29: =D29/10000 -> 0.01615912 | G29: =digestion_page!B22 -> 1.2544 | H29: =digestion_page!C22 -> 50 | I29: =(LEFT(B29,FIND("/",B29)-1)/RIGHT(B29,LEN(B29)-FIND("/", B29))) -> 1
A31: cu result: | C31: =AVERAGE(D27:D29) -> 160.72181
A32: cu result: | C32: =AVERAGE(E27:E29) -> 0.016072181
A33: cu lot: | C33: Manufacturer: Assurance, 28-83CUT exp: 2026-09-30
A35: Fe ICP analysis
A36: sample | B36: Dilution | C36: conc. [mg/L] | D36: Fe_ppm | E36: %Fe
A37: 200128459_1 | B37: ="1/1" -> 1/1 | C37: =AVERAGE(1.695,1.947) -> 1.821 | D37: =((C37)*(H37)*(I37))/(G37*1) -> 72.520908 | E37: =D37/10000 -> 0.0072520908 | G37: =digestion_page!B20 -> 1.2555 | H37: =digestion_page!C20 -> 50 | I37: =(LEFT(B37,FIND("/",B37)-1)/RIGHT(B37,LEN(B37)-FIND("/", B37))) -> 1
A38: 200128459_2 | B38: ="1/1" -> 1/1 | C38: =AVERAGE(1.584,1.835) -> 1.7095 | D38: =((C38)*(H38)*(I38))/(G38*1) -> 68.10757 | E38: =D38/10000 -> 0.006810757 | G38: =digestion_page!B21 -> 1.255 | H38: =digestion_page!C21 -> 50 | I38: =(LEFT(B38,FIND("/",B38)-1)/RIGHT(B38,LEN(B38)-FIND("/", B38))) -> 1
A39: 200128459_3 | B39: ="1/1" -> 1/1 | C39: =AVERAGE(1.646,1.9) -> 1.773 | D39: =((C39)*(H39)*(I39))/(G39*1) -> 70.671237 | E39: =D39/10000 -> 0.0070671237 | G39: =digestion_page!B22 -> 1.2544 | H39: =digestion_page!C22 -> 50 | I39: =(LEFT(B39,FIND("/",B39)-1)/RIGHT(B39,LEN(B39)-FIND("/", B39))) -> 1
A41: fe result: | C41: =AVERAGE(D37:D39) -> 70.433238
A42: fe result: | C42: =AVERAGE(E37:E39) -> 0.0070433238
A43: fe lot: | C43: Manufacturer: Assurance, 28-180FEY exp: 2027-07-30
A45: K ICP analysis
A46: sample | B46: Dilution | C46: conc. [mg/L] | D46: K_ppm | E46: %K
A47: 200128459_1 | B47: ="10/1" -> 10/1 | C47: =AVERAGE(0.361,0.363) -> 0.362 | D47: =((C47)*(H47)*(I47))/(G47*1) -> 144.16567 | E47: =D47/10000 -> 0.014416567 | G47: =digestion_page!B20 -> 1.2555 | H47: =digestion_page!C20 -> 50 | I47: =(LEFT(B47,FIND("/",B47)-1)/RIGHT(B47,LEN(B47)-FIND("/", B47))) -> 10
A48: 200128459_2 | B48: ="10/1" -> 10/1 | C48: =AVERAGE(0.31,0.314) -> 0.312 | D48: =((C48)*(H48)*(I48))/(G48*1) -> 124.30279 | E48: =D48/10000 -> 0.012430279 | G48: =digestion_page!B21 -> 1.255 | H48: =digestion_page!C21 -> 50 | I48: =(LEFT(B48,FIND("/",B48)-1)/RIGHT(B48,LEN(B48)-FIND("/", B48))) -> 10
A49: 200128459_3 | B49: ="10/1" -> 10/1 | C49: =AVERAGE(0.355,0.359) -> 0.357 | D49: =((C49)*(H49)*(I49))/(G49*1) -> 142.29911 | E49: =D49/10000 -> 0.014229911 | G49: =digestion_page!B22 -> 1.2544 | H49: =digestion_page!C22 -> 50 | I49: =(LEFT(B49,FIND("/",B49)-1)/RIGHT(B49,LEN(B49)-FIND("/", B49))) -> 10
A51: k result: | C51: =AVERAGE(D47:D49) -> 136.92252
A52: k result: | C52: =AVERAGE(E47:E49) -> 0.013692252
A53: k lot: | C53: Manufacturer: Assurance, 28-6KY exp: 2026-08-30
A55: Na ICP analysis
A56: sample | B56: Dilution | C56: conc. [mg/L] | D56: Na_ppm | E56: %Na
A57: 200128459_1 | B57: ="10/1" -> 10/1 | C57: =AVERAGE(0.47,0.475) -> 0.4725 | D57: =((C57)*(H57)*(I57))/(G57*1) -> 188.17204 | E57: =D57/10000 -> 0.018817204 | G57: =digestion_page!B20 -> 1.2555 | H57: =digestion_page!C20 -> 50 | I57: =(LEFT(B57,FIND("/",B57)-1)/RIGHT(B57,LEN(B57)-FIND("/", B57))) -> 10
A58: 200128459_2 | B58: ="10/1" -> 10/1 | C58: =AVERAGE(0.443,0.454) -> 0.4485 | D58: =((C58)*(H58)*(I58))/(G58*1) -> 178.68526 | E58: =D58/10000 -> 0.017868526 | G58: =digestion_page!B21 -> 1.255 | H58: =digestion_page!C21 -> 50 | I58: =(LEFT(B58,FIND("/",B58)-1)/RIGHT(B58,LEN(B58)-FIND("/", B58))) -> 10
A59: 200128459_3 | B59: ="10/1" -> 10/1 | C59: =AVERAGE(0.475,0.483) -> 0.479 | D59: =((C59)*(H59)*(I59))/(G59*1) -> 190.92793 | E59: =D59/10000 -> 0.019092793 | G59: =digestion_page!B22 -> 1.2544 | H59: =digestion_page!C22 -> 50 | I59: =(LEFT(B59,FIND("/",B59)-1)/RIGHT(B59,LEN(B59)-FIND("/", B59))) -> 10
A61: na result: | C61: =AVERAGE(D57:D59) -> 185.92841
A62: na result: | C62: =AVERAGE(E57:E59) -> 0.018592841
A63: na lot: | C63: Manufacturer: Assurance, 27-159NAY exp: 2026-08-30
A65: Ni ICP analysis
A66: sample | B66: Dilution | C66: conc. [mg/L] | D66: Ni_ppm | E66: %Ni
A67: 200128459_1 | B67: ="1/1" -> 1/1 | C67: 2.592 | D67: =((C67)*(H67)*(I67))/(G67*1) -> 103.22581 | E67: =D67/10000 -> 0.010322581 | G67: =digestion_page!B20 -> 1.2555 | H67: =digestion_page!C20 -> 50 | I67: =(LEFT(B67,FIND("/",B67)-1)/RIGHT(B67,LEN(B67)-FIND("/", B67))) -> 1
A68: 200128459_2 | B68: ="1/1" -> 1/1 | C68: 2.578 | D68: =((C68)*(H68)*(I68))/(G68*1) -> 102.70916 | E68: =D68/10000 -> 0.010270916 | G68: =digestion_page!B21 -> 1.255 | H68: =digestion_page!C21 -> 50 | I68: =(LEFT(B68,FIND("/",B68)-1)/RIGHT(B68,LEN(B68)-FIND("/", B68))) -> 1
A69: 200128459_3 | B69: ="1/1" -> 1/1 | C69: 2.488 | D69: =((C69)*(H69)*(I69))/(G69*1) -> 99.170918 | E69: =D69/10000 -> 0.0099170918 | G69: =digestion_page!B22 -> 1.2544 | H69: =digestion_page!C22 -> 50 | I69: =(LEFT(B69,FIND("/",B69)-1)/RIGHT(B69,LEN(B69)-FIND("/", B69))) -> 1
A71: ni result: | C71: =AVERAGE(D67:D69) -> 101.70196
A72: ni result: | C72: =AVERAGE(E67:E69) -> 0.010170196
A73: ni lot: | C73: Manufacturer: Assurance, 28-130NIT exp: 2026-10-30
A75: Zn ICP analysis
A76: sample | B76: Dilution | C76: conc. [mg/L] | D76: Zn_ppm | E76: %Zn
A77: 200128459_1 | B77: ="1/1" -> 1/1 | C77: =AVERAGE(1.434,1.515) -> 1.4745 | D77: =((C77)*(H77)*(I77))/(G77*1) -> 58.721625 | E77: =D77/10000 -> 0.0058721625 | G77: =digestion_page!B20 -> 1.2555 | H77: =digestion_page!C20 -> 50 | I77: =(LEFT(B77,FIND("/",B77)-1)/RIGHT(B77,LEN(B77)-FIND("/", B77))) -> 1
A78: 200128459_2 | B78: ="1/1" -> 1/1 | C78: =AVERAGE(1.194,1.294) -> 1.244 | D78: =((C78)*(H78)*(I78))/(G78*1) -> 49.561753 | E78: =D78/10000 -> 0.0049561753 | G78: =digestion_page!B21 -> 1.255 | H78: =digestion_page!C21 -> 50 | I78: =(LEFT(B78,FIND("/",B78)-1)/RIGHT(B78,LEN(B78)-FIND("/", B78))) -> 1
A79: 200128459_3 | B79: ="1/1" -> 1/1 | C79: =AVERAGE(1.116,1.224) -> 1.17 | D79: =((C79)*(H79)*(I79))/(G79*1) -> 46.635842 | E79: =D79/10000 -> 0.0046635842 | G79: =digestion_page!B22 -> 1.2544 | H79: =digestion_page!C22 -> 50 | I79: =(LEFT(B79,FIND("/",B79)-1)/RIGHT(B79,LEN(B79)-FIND("/", B79))) -> 1
A81: zn result: | C81: =AVERAGE(D77:D79) -> 51.63974
A82: zn result: | C82: =AVERAGE(E77:E79) -> 0.005163974
A83: zn lot: | C83: Manufacturer: Assurance, 28-58ZNY exp: 2026-10-30
B85: Note(s):

Sheet 200128460
A1: Date: | B1: 46216
A2: Request ID: | B2: 100048725
A5: Ca ICP analysis
A6: sample | B6: Dilution | C6: conc. [mg/L] | D6: Ca_ppm | E6: %Ca
A7: 200128460_1 | B7: ="10/2" -> 10/2 | C7: =AVERAGE(2.74,2.811) -> 2.7755 | D7: =((C7)*(H7)*(I7))/(G7*1) -> 553.72676 | E7: =D7/10000 -> 0.055372676 | G7: =digestion_page!B23 -> 1.2531 | H7: =digestion_page!C23 -> 50 | I7: =(LEFT(B7,FIND("/",B7)-1)/RIGHT(B7,LEN(B7)-FIND("/", B7))) -> 5
A8: 200128460_2 | B8: ="10/2" -> 10/2 | C8: =AVERAGE(2.788,2.89) -> 2.839 | D8: =((C8)*(H8)*(I8))/(G8*1) -> 566.62143 | E8: =D8/10000 -> 0.056662143 | G8: =digestion_page!B24 -> 1.2526 | H8: =digestion_page!C24 -> 50 | I8: =(LEFT(B8,FIND("/",B8)-1)/RIGHT(B8,LEN(B8)-FIND("/", B8))) -> 5
A9: 200128460_3 | B9: ="10/2" -> 10/2 | C9: =AVERAGE(2.62,2.755) -> 2.6875 | D9: =((C9)*(H9)*(I9))/(G9*1) -> 534.20927 | E9: =D9/10000 -> 0.053420927 | G9: =digestion_page!B25 -> 1.2577 | H9: =digestion_page!C25 -> 50 | I9: =(LEFT(B9,FIND("/",B9)-1)/RIGHT(B9,LEN(B9)-FIND("/", B9))) -> 5
A11: ca result: | C11: =AVERAGE(D7:D9) -> 551.51915
A12: ca result: | C12: =AVERAGE(E7:E9) -> 0.055151915
A13: ca lot: | C13: Manufacturer: Assurance, 28-35CAY exp: 2026-10-30
A15: Cr ICP analysis
A16: sample | B16: Dilution | C16: conc. [mg/L] | D16: Cr_ppm | E16: %Cr
A17: 200128460_1 | B17: ="10/2" -> 10/2 | C17: =AVERAGE(2.402) -> 2.402 | D17: =((C17)*(H17)*(I17))/(G17*1) -> 479.21156 | E17: =D17/10000 -> 0.047921156 | G17: =digestion_page!B23 -> 1.2531 | H17: =digestion_page!C23 -> 50 | I17: =(LEFT(B17,FIND("/",B17)-1)/RIGHT(B17,LEN(B17)-FIND("/", B17))) -> 5
A18: 200128460_2 | B18: ="10/2" -> 10/2 | C18: =AVERAGE(2.085) -> 2.085 | D18: =((C18)*(H18)*(I18))/(G18*1) -> 416.13444 | E18: =D18/10000 -> 0.041613444 | G18: =digestion_page!B24 -> 1.2526 | H18: =digestion_page!C24 -> 50 | I18: =(LEFT(B18,FIND("/",B18)-1)/RIGHT(B18,LEN(B18)-FIND("/", B18))) -> 5
A19: 200128460_3 | B19: ="10/2" -> 10/2 | C19: =AVERAGE(2.145) -> 2.145 | D19: =((C19)*(H19)*(I19))/(G19*1) -> 426.37354 | E19: =D19/10000 -> 0.042637354 | G19: =digestion_page!B25 -> 1.2577 | H19: =digestion_page!C25 -> 50 | I19: =(LEFT(B19,FIND("/",B19)-1)/RIGHT(B19,LEN(B19)-FIND("/", B19))) -> 5
A21: cr result: | C21: =AVERAGE(D17:D19) -> 440.57318
A22: cr result: | C22: =AVERAGE(E17:E19) -> 0.044057318
A23: cr lot: | C23: Manufacturer: Ricca, 45120423 exp: 2027-05-31
A25: Cu ICP analysis
A26: sample | B26: Dilution | C26: conc. [mg/L] | D26: Cu_ppm | E26: %Cu
A27: 200128460_1 | B27: ="10/2" -> 10/2 | C27: =AVERAGE(2.705,2.609,2.805) -> 2.7063333 | D27: =((C27)*(H27)*(I27))/(G27*1) -> 539.92765 | E27: =D27/10000 -> 0.053992765 | G27: =digestion_page!B23 -> 1.2531 | H27: =digestion_page!C23 -> 50 | I27: =(LEFT(B27,FIND("/",B27)-1)/RIGHT(B27,LEN(B27)-FIND("/", B27))) -> 5
A28: 200128460_2 | B28: ="10/2" -> 10/2 | C28: =AVERAGE(2.704,2.566,2.729) -> 2.6663333 | D28: =((C28)*(H28)*(I28))/(G28*1) -> 532.15977 | E28: =D28/10000 -> 0.053215977 | G28: =digestion_page!B24 -> 1.2526 | H28: =digestion_page!C24 -> 50 | I28: =(LEFT(B28,FIND("/",B28)-1)/RIGHT(B28,LEN(B28)-FIND("/", B28))) -> 5
A29: 200128460_3 | B29: ="10/2" -> 10/2 | C29: =AVERAGE(2.708,2.534,2.615) -> 2.619 | D29: =((C29)*(H29)*(I29))/(G29*1) -> 520.59315 | E29: =D29/10000 -> 0.052059315 | G29: =digestion_page!B25 -> 1.2577 | H29: =digestion_page!C25 -> 50 | I29: =(LEFT(B29,FIND("/",B29)-1)/RIGHT(B29,LEN(B29)-FIND("/", B29))) -> 5
A31: cu result: | C31: =AVERAGE(D27:D29) -> 530.89352
A32: cu result: | C32: =AVERAGE(E27:E29) -> 0.053089352
A33: cu lot: | C33: Manufacturer: Assurance, 28-83CUT exp: 2026-09-30
A35: Fe ICP analysis
A36: sample | B36: Dilution | C36: conc. [mg/L] | D36: Fe_ppm | E36: %Fe
A37: 200128460_1 | B37: ="10/2" -> 10/2 | C37: =AVERAGE(2.505) -> 2.505 | D37: =((C37)*(H37)*(I37))/(G37*1) -> 499.76059 | E37: =D37/10000 -> 0.049976059 | G37: =digestion_page!B23 -> 1.2531 | H37: =digestion_page!C23 -> 50 | I37: =(LEFT(B37,FIND("/",B37)-1)/RIGHT(B37,LEN(B37)-FIND("/", B37))) -> 5
A38: 200128460_2 | B38: ="10/2" -> 10/2 | C38: 2.782 | D38: =((C38)*(H38)*(I38))/(G38*1) -> 555.24509 | E38: =D38/10000 -> 0.055524509 | G38: =digestion_page!B24 -> 1.2526 | H38: =digestion_page!C24 -> 50 | I38: =(LEFT(B38,FIND("/",B38)-1)/RIGHT(B38,LEN(B38)-FIND("/", B38))) -> 5
A39: 200128460_3 | B39: ="10/2" -> 10/2 | C39: 2.756 | D39: =((C39)*(H39)*(I39))/(G39*1) -> 547.8254 | E39: =D39/10000 -> 0.05478254 | G39: =digestion_page!B25 -> 1.2577 | H39: =digestion_page!C25 -> 50 | I39: =(LEFT(B39,FIND("/",B39)-1)/RIGHT(B39,LEN(B39)-FIND("/", B39))) -> 5
A41: fe result: | C41: =AVERAGE(D37:D39) -> 534.27703
A42: fe result: | C42: =AVERAGE(E37:E39) -> 0.053427703
A43: fe lot: | C43: Manufacturer: Assurance, 28-180FEY exp: 2027-07-30
A45: K ICP analysis
A46: sample | B46: Dilution | C46: conc. [mg/L] | D46: K_ppm | E46: %K
A47: 200128460_1 | B47: ="25/1" -> 25/1 | C47: 0.957 | D47: =((C47)*(H47)*(I47))/(G47*1) -> 954.63251 | E47: =D47/10000 -> 0.095463251 | G47: =digestion_page!B23 -> 1.2531 | H47: =digestion_page!C23 -> 50 | I47: =(LEFT(B47,FIND("/",B47)-1)/RIGHT(B47,LEN(B47)-FIND("/", B47))) -> 25
A48: 200128460_2 | B48: ="25/1" -> 25/1 | C48: 0.929 | D48: =((C48)*(H48)*(I48))/(G48*1) -> 927.07169 | E48: =D48/10000 -> 0.092707169 | G48: =digestion_page!B24 -> 1.2526 | H48: =digestion_page!C24 -> 50 | I48: =(LEFT(B48,FIND("/",B48)-1)/RIGHT(B48,LEN(B48)-FIND("/", B48))) -> 25
A49: 200128460_3 | B49: ="25/1" -> 25/1 | C49: 0.919 | D49: =((C49)*(H49)*(I49))/(G49*1) -> 913.37362 | E49: =D49/10000 -> 0.091337362 | G49: =digestion_page!B25 -> 1.2577 | H49: =digestion_page!C25 -> 50 | I49: =(LEFT(B49,FIND("/",B49)-1)/RIGHT(B49,LEN(B49)-FIND("/", B49))) -> 25
A51: k result: | C51: =AVERAGE(D47:D49) -> 931.69261
A52: k result: | C52: =AVERAGE(E47:E49) -> 0.093169261
A53: k lot: | C53: Manufacturer: Assurance, 28-6KY exp: 2026-08-30
A55: Na ICP analysis
A56: sample | B56: Dilution | C56: conc. [mg/L] | D56: Na_ppm | E56: %Na
A57: 200128460_1 | B57: ="25/2" -> 25/2 | C57: 1.105 | D57: =((C57)*(H57)*(I57))/(G57*1) -> 551.13319 | E57: =D57/10000 -> 0.055113319 | G57: =digestion_page!B23 -> 1.2531 | H57: =digestion_page!C23 -> 50 | I57: =(LEFT(B57,FIND("/",B57)-1)/RIGHT(B57,LEN(B57)-FIND("/", B57))) -> 12.5
A58: 200128460_2 | B58: ="25/2" -> 25/2 | C58: 1.133 | D58: =((C58)*(H58)*(I58))/(G58*1) -> 565.32413 | E58: =D58/10000 -> 0.056532413 | G58: =digestion_page!B24 -> 1.2526 | H58: =digestion_page!C24 -> 50 | I58: =(LEFT(B58,FIND("/",B58)-1)/RIGHT(B58,LEN(B58)-FIND("/", B58))) -> 12.5
A59: 200128460_3 | B59: ="25/2" -> 25/2 | C59: 1.135 | D59: =((C59)*(H59)*(I59))/(G59*1) -> 564.0256 | E59: =D59/10000 -> 0.05640256 | G59: =digestion_page!B25 -> 1.2577 | H59: =digestion_page!C25 -> 50 | I59: =(LEFT(B59,FIND("/",B59)-1)/RIGHT(B59,LEN(B59)-FIND("/", B59))) -> 12.5
A61: na result: | C61: =AVERAGE(D57:D59) -> 560.16097
A62: na result: | C62: =AVERAGE(E57:E59) -> 0.056016097
A63: na lot: | C63: Manufacturer: Assurance, 27-159NAY exp: 2026-08-30
A65: Ni ICP analysis
A66: sample | B66: Dilution | C66: conc. [mg/L] | D66: Ni_ppm | E66: %Ni
A67: 200128460_1 | B67: ="10/2" -> 10/2 | C67: 2.397 | D67: =((C67)*(H67)*(I67))/(G67*1) -> 478.21403 | E67: =D67/10000 -> 0.047821403 | G67: =digestion_page!B23 -> 1.2531 | H67: =digestion_page!C23 -> 50 | I67: =(LEFT(B67,FIND("/",B67)-1)/RIGHT(B67,LEN(B67)-FIND("/", B67))) -> 5
A68: 200128460_2 | B68: ="10/2" -> 10/2 | C68: 2.854 | D68: =((C68)*(H68)*(I68))/(G68*1) -> 569.6152 | E68: =D68/10000 -> 0.05696152 | G68: =digestion_page!B24 -> 1.2526 | H68: =digestion_page!C24 -> 50 | I68: =(LEFT(B68,FIND("/",B68)-1)/RIGHT(B68,LEN(B68)-FIND("/", B68))) -> 5
A69: 200128460_3 | B69: ="10/2" -> 10/2 | C69: 2.801 | D69: =((C69)*(H69)*(I69))/(G69*1) -> 556.77029 | E69: =D69/10000 -> 0.055677029 | G69: =digestion_page!B25 -> 1.2577 | H69: =digestion_page!C25 -> 50 | I69: =(LEFT(B69,FIND("/",B69)-1)/RIGHT(B69,LEN(B69)-FIND("/", B69))) -> 5
A71: ni result: | C71: =AVERAGE(D67:D69) -> 534.86651
A72: ni result: | C72: =AVERAGE(E67:E69) -> 0.053486651
A73: ni lot: | C73: Manufacturer: Assurance, 28-130NIT exp: 2026-10-30
A75: Zn ICP analysis
A76: sample | B76: Dilution | C76: conc. [mg/L] | D76: Zn_ppm | E76: %Zn
A77: 200128460_1 | B77: ="10/2" -> 10/2 | C77: 2.167 | D77: =((C77)*(H77)*(I77))/(G77*1) -> 432.32783 | E77: =D77/10000 -> 0.043232783 | G77: =digestion_page!B23 -> 1.2531 | H77: =digestion_page!C23 -> 50 | I77: =(LEFT(B77,FIND("/",B77)-1)/RIGHT(B77,LEN(B77)-FIND("/", B77))) -> 5
A78: 200128460_2 | B78: ="10/2" -> 10/2 | C78: 2.81 | D78: =((C78)*(H78)*(I78))/(G78*1) -> 560.83347 | E78: =D78/10000 -> 0.056083347 | G78: =digestion_page!B24 -> 1.2526 | H78: =digestion_page!C24 -> 50 | I78: =(LEFT(B78,FIND("/",B78)-1)/RIGHT(B78,LEN(B78)-FIND("/", B78))) -> 5
A79: 200128460_3 | B79: ="10/2" -> 10/2 | C79: 2.772 | D79: =((C79)*(H79)*(I79))/(G79*1) -> 551.0058 | E79: =D79/10000 -> 0.05510058 | G79: =digestion_page!B25 -> 1.2577 | H79: =digestion_page!C25 -> 50 | I79: =(LEFT(B79,FIND("/",B79)-1)/RIGHT(B79,LEN(B79)-FIND("/", B79))) -> 5
A81: zn result: | C81: =AVERAGE(D77:D79) -> 514.72237
A82: zn result: | C82: =AVERAGE(E77:E79) -> 0.051472237
A83: zn lot: | C83: Manufacturer: Assurance, 28-58ZNY exp: 2026-10-30
B85: Note(s):

Sheet 200128461
A1: Date: | B1: 46216
A2: Request ID: | B2: 100048725
A5: Ca ICP analysis
A6: sample | B6: Dilution | C6: conc. [mg/L] | D6: Ca_ppm | E6: %Ca
A7: 200128461_1 | B7: ="10/2" -> 10/2 | C7: =AVERAGE(2.597) -> 2.597 | D7: =((C7)*(H7)*(I7))/(G7*1) -> 517.04229 | E7: =D7/10000 -> 0.051704229 | G7: =digestion_page!B26 -> 1.2557 | H7: =digestion_page!C26 -> 50 | I7: =(LEFT(B7,FIND("/",B7)-1)/RIGHT(B7,LEN(B7)-FIND("/", B7))) -> 5
A8: 200128461_2 | B8: ="10/2" -> 10/2 | C8: =2.611 -> 2.611 | D8: =((C8)*(H8)*(I8))/(G8*1) -> 520.32682 | E8: =D8/10000 -> 0.052032682 | G8: =digestion_page!B27 -> 1.2545 | H8: =digestion_page!C27 -> 50 | I8: =(LEFT(B8,FIND("/",B8)-1)/RIGHT(B8,LEN(B8)-FIND("/", B8))) -> 5
A9: 200128461_3 | B9: ="10/2" -> 10/2 | C9: 2.875 | D9: =((C9)*(H9)*(I9))/(G9*1) -> 572.20763 | E9: =D9/10000 -> 0.057220763 | G9: =digestion_page!B28 -> 1.2561 | H9: =digestion_page!C28 -> 50 | I9: =(LEFT(B9,FIND("/",B9)-1)/RIGHT(B9,LEN(B9)-FIND("/", B9))) -> 5
A11: ca result: | C11: =AVERAGE(D7:D9) -> 536.52558
A12: ca result: | C12: =AVERAGE(E7:E9) -> 0.053652558
A13: ca lot: | C13: Manufacturer: Assurance, 28-35CAY exp: 2026-10-30
A15: Cr ICP analysis
A16: sample | B16: Dilution | C16: conc. [mg/L] | D16: Cr_ppm | E16: %Cr
A17: 200128461_1 | B17: ="10/2" -> 10/2 | C17: 2.222 | D17: =((C17)*(H17)*(I17))/(G17*1) -> 442.38273 | E17: =D17/10000 -> 0.044238273 | G17: =digestion_page!B26 -> 1.2557 | H17: =digestion_page!C26 -> 50 | I17: =(LEFT(B17,FIND("/",B17)-1)/RIGHT(B17,LEN(B17)-FIND("/", B17))) -> 5
A18: 200128461_2 | B18: ="10/2" -> 10/2 | C18: 2.447 | D18: =((C18)*(H18)*(I18))/(G18*1) -> 487.64448 | E18: =D18/10000 -> 0.048764448 | G18: =digestion_page!B27 -> 1.2545 | H18: =digestion_page!C27 -> 50 | I18: =(LEFT(B18,FIND("/",B18)-1)/RIGHT(B18,LEN(B18)-FIND("/", B18))) -> 5
A19: 200128461_3 | B19: ="10/2" -> 10/2 | C19: 2.157 | D19: =((C19)*(H19)*(I19))/(G19*1) -> 429.30499 | E19: =D19/10000 -> 0.042930499 | G19: =digestion_page!B28 -> 1.2561 | H19: =digestion_page!C28 -> 50 | I19: =(LEFT(B19,FIND("/",B19)-1)/RIGHT(B19,LEN(B19)-FIND("/", B19))) -> 5
A21: cr result: | C21: =AVERAGE(D17:D19) -> 453.11074
A22: cr result: | C22: =AVERAGE(E17:E19) -> 0.045311074
A23: cr lot: | C23: Manufacturer: Ricca, 45120423 exp: 2027-05-31
A25: Cu ICP analysis
A26: sample | B26: Dilution | C26: conc. [mg/L] | D26: Cu_ppm | E26: %Cu
A27: 200128461_1 | B27: ="10/2" -> 10/2 | C27: =AVERAGE(2.53,2.484,2.845) -> 2.6196667 | D27: =((C27)*(H27)*(I27))/(G27*1) -> 521.55504 | E27: =D27/10000 -> 0.052155504 | G27: =digestion_page!B26 -> 1.2557 | H27: =digestion_page!C26 -> 50 | I27: =(LEFT(B27,FIND("/",B27)-1)/RIGHT(B27,LEN(B27)-FIND("/", B27))) -> 5
A28: 200128461_2 | B28: ="10/2" -> 10/2 | C28: =AVERAGE(2.747,2.683,2.967) -> 2.799 | D28: =((C28)*(H28)*(I28))/(G28*1) -> 557.79195 | E28: =D28/10000 -> 0.055779195 | G28: =digestion_page!B27 -> 1.2545 | H28: =digestion_page!C27 -> 50 | I28: =(LEFT(B28,FIND("/",B28)-1)/RIGHT(B28,LEN(B28)-FIND("/", B28))) -> 5
A29: 200128461_3 | B29: ="10/2" -> 10/2 | C29: =AVERAGE(2.534,2.48,2.735) -> 2.583 | D29: =((C29)*(H29)*(I29))/(G29*1) -> 514.09123 | E29: =D29/10000 -> 0.051409123 | G29: =digestion_page!B28 -> 1.2561 | H29: =digestion_page!C28 -> 50 | I29: =(LEFT(B29,FIND("/",B29)-1)/RIGHT(B29,LEN(B29)-FIND("/", B29))) -> 5
A31: cu result: | C31: =AVERAGE(D27:D29) -> 531.14608
A32: cu result: | C32: =AVERAGE(E27:E29) -> 0.053114608
A33: cu lot: | C33: Manufacturer: Assurance, 28-83CUT exp: 2026-09-30
A35: Fe ICP analysis
A36: sample | B36: Dilution | C36: conc. [mg/L] | D36: Fe_ppm | E36: %Fe
A37: 200128461_2 | B37: ="10/2" -> 10/2 | C37: 2.926 | D37: =((C37)*(H37)*(I37))/(G37*1) -> 583.10084 | E37: =D37/10000 -> 0.058310084 | G37: =digestion_page!B27 -> 1.2545 | H37: =digestion_page!C27 -> 50 | I37: =(LEFT(B37,FIND("/",B37)-1)/RIGHT(B37,LEN(B37)-FIND("/", B37))) -> 5
A38: 200128461_3 | B38: ="10/2" -> 10/2 | C38: 2.47 | D38: =((C38)*(H38)*(I38))/(G38*1) -> 491.60099 | E38: =D38/10000 -> 0.049160099 | G38: =digestion_page!B28 -> 1.2561 | H38: =digestion_page!C28 -> 50 | I38: =(LEFT(B38,FIND("/",B38)-1)/RIGHT(B38,LEN(B38)-FIND("/", B38))) -> 5
A40: fe result: | C40: =AVERAGE(D37:D38) -> 537.35091
A41: fe result: | C41: =AVERAGE(E37:E38) -> 0.053735091
A42: fe lot: | C42: Manufacturer: Assurance, 28-180FEY exp: 2027-07-30
A44: K ICP analysis
A45: sample | B45: Dilution | C45: conc. [mg/L] | D45: K_ppm | E45: %K
A46: 200128461_1 | B46: ="25/1" -> 25/1 | C46: 0.887 | D46: =((C46)*(H46)*(I46))/(G46*1) -> 882.97364 | E46: =D46/10000 -> 0.088297364 | G46: =digestion_page!B26 -> 1.2557 | H46: =digestion_page!C26 -> 50 | I46: =(LEFT(B46,FIND("/",B46)-1)/RIGHT(B46,LEN(B46)-FIND("/", B46))) -> 25
A47: 200128461_2 | B47: ="25/1" -> 25/1 | C47: 0.91 | D47: =((C47)*(H47)*(I47))/(G47*1) -> 906.73575 | E47: =D47/10000 -> 0.090673575 | G47: =digestion_page!B27 -> 1.2545 | H47: =digestion_page!C27 -> 50 | I47: =(LEFT(B47,FIND("/",B47)-1)/RIGHT(B47,LEN(B47)-FIND("/", B47))) -> 25
A48: 200128461_3 | B48: ="25/1" -> 25/1 | C48: 0.908 | D48: =((C48)*(H48)*(I48))/(G48*1) -> 903.59048 | E48: =D48/10000 -> 0.090359048 | G48: =digestion_page!B28 -> 1.2561 | H48: =digestion_page!C28 -> 50 | I48: =(LEFT(B48,FIND("/",B48)-1)/RIGHT(B48,LEN(B48)-FIND("/", B48))) -> 25
A50: k result: | C50: =AVERAGE(D46:D48) -> 897.76662
A51: k result: | C51: =AVERAGE(E46:E48) -> 0.089776662
A52: k lot: | C52: Manufacturer: Assurance, 28-6KY exp: 2026-08-30
A54: Na ICP analysis
A55: sample | B55: Dilution | C55: conc. [mg/L] | D55: Na_ppm | E55: %Na
A56: 200128461_1 | B56: ="25/2" -> 25/2 | C56: 1.091 | D56: =((C56)*(H56)*(I56))/(G56*1) -> 543.02381 | E56: =D56/10000 -> 0.054302381 | G56: =digestion_page!B26 -> 1.2557 | H56: =digestion_page!C26 -> 50 | I56: =(LEFT(B56,FIND("/",B56)-1)/RIGHT(B56,LEN(B56)-FIND("/", B56))) -> 12.5
A57: 200128461_2 | B57: ="25/2" -> 25/2 | C57: 1.087 | D57: =((C57)*(H57)*(I57))/(G57*1) -> 541.55042 | E57: =D57/10000 -> 0.054155042 | G57: =digestion_page!B27 -> 1.2545 | H57: =digestion_page!C27 -> 50 | I57: =(LEFT(B57,FIND("/",B57)-1)/RIGHT(B57,LEN(B57)-FIND("/", B57))) -> 12.5
A58: 200128461_3 | B58: ="25/2" -> 25/2 | C58: 1.087 | D58: =((C58)*(H58)*(I58))/(G58*1) -> 540.8606 | E58: =D58/10000 -> 0.05408606 | G58: =digestion_page!B28 -> 1.2561 | H58: =digestion_page!C28 -> 50 | I58: =(LEFT(B58,FIND("/",B58)-1)/RIGHT(B58,LEN(B58)-FIND("/", B58))) -> 12.5
A60: na result: | C60: =AVERAGE(D56:D58) -> 541.81161
A61: na result: | C61: =AVERAGE(E56:E58) -> 0.054181161
A62: na lot: | C62: Manufacturer: Assurance, 27-159NAY exp: 2026-08-30
A64: Ni ICP analysis
A65: sample | B65: Dilution | C65: conc. [mg/L] | D65: Ni_ppm | E65: %Ni
A66: 200128461_1 | B66: ="10/2" -> 10/2 | C66: =AVERAGE(2.843,2.678) -> 2.7605 | D66: =((C66)*(H66)*(I66))/(G66*1) -> 549.59385 | E66: =D66/10000 -> 0.054959385 | G66: =digestion_page!B26 -> 1.2557 | H66: =digestion_page!C26 -> 50 | I66: =(LEFT(B66,FIND("/",B66)-1)/RIGHT(B66,LEN(B66)-FIND("/", B66))) -> 5
A67: 200128461_2 | B67: ="10/2" -> 10/2 | C67: =AVERAGE(2.777,2.563) -> 2.67 | D67: =((C67)*(H67)*(I67))/(G67*1) -> 532.0845 | E67: =D67/10000 -> 0.05320845 | G67: =digestion_page!B27 -> 1.2545 | H67: =digestion_page!C27 -> 50 | I67: =(LEFT(B67,FIND("/",B67)-1)/RIGHT(B67,LEN(B67)-FIND("/", B67))) -> 5
A68: 200128461_3 | B68: ="10/2" -> 10/2 | C68: =AVERAGE(2.74,2.637) -> 2.6885 | D68: =((C68)*(H68)*(I68))/(G68*1) -> 535.08877 | E68: =D68/10000 -> 0.053508877 | G68: =digestion_page!B28 -> 1.2561 | H68: =digestion_page!C28 -> 50 | I68: =(LEFT(B68,FIND("/",B68)-1)/RIGHT(B68,LEN(B68)-FIND("/", B68))) -> 5
A70: ni result: | C70: =AVERAGE(D66:D68) -> 538.92237
A71: ni result: | C71: =AVERAGE(E66:E68) -> 0.053892237
A72: ni lot: | C72: Manufacturer: Assurance, 28-130NIT exp: 2026-10-30
A74: Zn ICP analysis
A75: sample | B75: Dilution | C75: conc. [mg/L] | D75: Zn_ppm | E75: %Zn
A76: 200128461_1 | B76: ="10/2" -> 10/2 | C76: =AVERAGE(2.635,2.624,2.633,2.543) -> 2.60875 | D76: =((C76)*(H76)*(I76))/(G76*1) -> 519.38162 | E76: =D76/10000 -> 0.051938162 | G76: =digestion_page!B26 -> 1.2557 | H76: =digestion_page!C26 -> 50 | I76: =(LEFT(B76,FIND("/",B76)-1)/RIGHT(B76,LEN(B76)-FIND("/", B76))) -> 5
A77: 200128461_2 | B77: ="10/2" -> 10/2 | C77: =AVERAGE(2.616,2.64,2.594,2.505) -> 2.58875 | D77: =((C77)*(H77)*(I77))/(G77*1) -> 515.89279 | E77: =D77/10000 -> 0.051589279 | G77: =digestion_page!B27 -> 1.2545 | H77: =digestion_page!C27 -> 50 | I77: =(LEFT(B77,FIND("/",B77)-1)/RIGHT(B77,LEN(B77)-FIND("/", B77))) -> 5
A78: 200128461_3 | B78: ="10/2" -> 10/2 | C78: =AVERAGE(2.494,2.522,2.531,2.415) -> 2.4905 | D78: =((C78)*(H78)*(I78))/(G78*1) -> 495.68108 | E78: =D78/10000 -> 0.049568108 | G78: =digestion_page!B28 -> 1.2561 | H78: =digestion_page!C28 -> 50 | I78: =(LEFT(B78,FIND("/",B78)-1)/RIGHT(B78,LEN(B78)-FIND("/", B78))) -> 5
A80: zn result: | C80: =AVERAGE(D76:D78) -> 510.31849
A81: zn result: | C81: =AVERAGE(E76:E78) -> 0.051031849
A82: zn lot: | C82: Manufacturer: Assurance, 28-58ZNY exp: 2026-10-30
B84: Note(s):

Sheet formula_page
A1: ppm M+ = [conc.][volume][dilution]/[weight]
A3: %M+ = [conc.][volume][dilution]/([weight]*10,000)
A5: %MO = [oxide factor]*%M+
