Workbook

Sheet digestion_page
A1: Date: | B1: 46142
A2: Request ID: | B2: 100048492
A5: Microwave
A6: Element(s) | B6: Co, Pt
A7: SOP#
A8: Acid Cocktail | B8: 9 mL HCl, 3 mL HNO3, 6 mL H2SO4
A9: Rack | B9: 7
A10: Vessel | B10: PTFE
A11: Stir | B11: 0.9
A12: Time (min) | B12: Power (W) | C12: T1 (°C) | D12: T2 (°C) | E12: P (bar)
A13: 15 | B13: 1200 | C13: 180 | D13: 65 | E13: 110
A14: 15 | B14: 1500 | C14: 240 | D14: 65 | E14: 110
A15: 30 | B15: 1500 | C15: 240 | D15: 65 | E15: 110
A16: sample(s) | B16: weight (g) | C16: volume (mL)
A17: 200127788_1 | B17: 0.5049 | C17: 100
A18: 200127788_2 | B18: 0.5072 | C18: 100
A19: 200127789_1 | B19: 0.5033 | C19: 100
A20: 200127789_2 | B20: 0.5054 | C20: 100
A21: 200127790_1 | B21: 0.5044 | C21: 100
A22: 200127790_2 | B22: 0.507 | C22: 100
A23: 200127791_1 | B23: 0.506 | C23: 100
A24: 200127791_2 | B24: 0.5076 | C24: 100

Sheet 200127788
A1: Date: | B1: 46142
A2: Request ID: | B2: 100048492
A5: LOI temp: | B5: 900
A6: sample | B6: crucible (g) | C6: crucible + sample (g) | D6: ="after "&B5&" °C" -> after 900 °C | E6: LOI (%) | F6: correction
A7: 200127788 | B7: 27.0107 | C7: 29.0135 | D7: 28.9257 | E7: =(((C7-B7)-(D7-B7))/(C7-B7))*100 -> 4.3838626 | F7: =1-(E7/100) -> 0.95616137
A9: Co ICP analysis
A10: sample | B10: Dilution | C10: conc. [mg/L] | D10: Co_ppm [dried] | E10: %Co [dried]
A11: 200127788_1 | B11: ="100/0.25" -> 100/0.25 | C11: 2.206 | D11: =((C11)*(H11)*(I11))/(G11*$F$7) -> 182780.11 | E11: =D11/10000 -> 18.278011 | G11: =digestion_page!B17 -> 0.5049 | H11: =digestion_page!C17 -> 100 | I11: =(LEFT(B11,FIND("/",B11)-1)/RIGHT(B11,LEN(B11)-FIND("/", B11))) -> 400
A12: 200127788_2 | B12: ="100/0.25" -> 100/0.25 | C12: 2.297 | D12: =((C12)*(H12)*(I12))/(G12*$F$7) -> 189456.95 | E12: =D12/10000 -> 18.945695 | G12: =digestion_page!B18 -> 0.5072 | H12: =digestion_page!C18 -> 100 | I12: =(LEFT(B12,FIND("/",B12)-1)/RIGHT(B12,LEN(B12)-FIND("/", B12))) -> 400
A14: co result: | C14: =AVERAGE(D11:D12) -> 186118.53
A15: co result: | C15: =AVERAGE(E11:E12) -> 18.611853
A16: co oxide factor:
A17: co oxide result: | C17: =AVERAGE(E11:E12)*(C16) -> 0
A18: co lot: | C18: Manufacturer: Assurance, 28-73COY exp: 2026-10-30
A20: Pt ICP analysis
A21: sample | B21: Dilution | C21: conc. [mg/L] | D21: Pt_ppm [dried] | E21: %Pt [dried]
A22: 200127788_1 | B22: ="10/9" -> 10/9 | C22: 1.503 | D22: =((C22)*(H22)*(I22))/(G22*$F$7) -> 345.92337 | E22: =D22/10000 -> 0.034592337 | G22: =digestion_page!B17 -> 0.5049 | H22: =digestion_page!C17 -> 100 | I22: =(LEFT(B22,FIND("/",B22)-1)/RIGHT(B22,LEN(B22)-FIND("/", B22))) -> 1.1111111
A23: 200127788_2 | B23: ="10/9" -> 10/9 | C23: 1.468 | D23: =((C23)*(H23)*(I23))/(G23*$F$7) -> 336.33581 | E23: =D23/10000 -> 0.033633581 | G23: =digestion_page!B18 -> 0.5072 | H23: =digestion_page!C18 -> 100 | I23: =(LEFT(B23,FIND("/",B23)-1)/RIGHT(B23,LEN(B23)-FIND("/", B23))) -> 1.1111111
A25: pt result: | C25: =AVERAGE(D22:D23) -> 341.12959
A26: pt result: | C26: =AVERAGE(E22:E23) -> 0.034112959
A27: pt oxide factor:
A28: pt oxide result: | C28: =AVERAGE(E22:E23)*(C27) -> 0
A29: pt lot: | C29: Manufacturer: Assurance, 28-2PTY exp: 2027-02-28
B31: Note(s):

Sheet 200127789
A1: Date: | B1: 46142
A2: Request ID: | B2: 100048492
A5: LOI temp: | B5: 900
A6: sample | B6: crucible (g) | C6: crucible + sample (g) | D6: ="after "&B5&" °C" -> after 900 °C | E6: LOI (%) | F6: correction
A7: 200127789 | B7: 23.3773 | C7: 25.3792 | D7: 25.2451 | E7: =(((C7-B7)-(D7-B7))/(C7-B7))*100 -> 6.6986363 | F7: =1-(E7/100) -> 0.93301364
A9: Co ICP analysis
A10: sample | B10: Dilution | C10: conc. [mg/L] | D10: Co_ppm [dried] | E10: %Co [dried]
A11: 200127789_1 | B11: ="100/0.23" -> 100/0.23 | C11: 2.282 | D11: =((C11)*(H11)*(I11))/(G11*$F$7) -> 211287.05 | E11: =D11/10000 -> 21.128705 | G11: =digestion_page!B19 -> 0.5033 | H11: =digestion_page!C19 -> 100 | I11: =(LEFT(B11,FIND("/",B11)-1)/RIGHT(B11,LEN(B11)-FIND("/", B11))) -> 434.78261
A12: 200127789_2 | B12: ="100/0.23" -> 100/0.23 | C12: 2.294 | D12: =((C12)*(H12)*(I12))/(G12*$F$7) -> 211515.57 | E12: =D12/10000 -> 21.151557 | G12: =digestion_page!B20 -> 0.5054 | H12: =digestion_page!C20 -> 100 | I12: =(LEFT(B12,FIND("/",B12)-1)/RIGHT(B12,LEN(B12)-FIND("/", B12))) -> 434.78261
A14: co result: | C14: =AVERAGE(D11:D12) -> 211401.31
A15: co result: | C15: =AVERAGE(E11:E12) -> 21.140131
A16: co oxide factor:
A17: co oxide result: | C17: =AVERAGE(E11:E12)*(C16) -> 0
A18: co lot: | C18: Manufacturer: Assurance, 28-73COY exp: 2026-10-30
A20: Pt ICP analysis
A21: sample | B21: Dilution | C21: conc. [mg/L] | D21: Pt_ppm [dried] | E21: %Pt [dried]
A22: 200127789_1 | B22: ="10/9" -> 10/9 | C22: 1.408 | D22: =((C22)*(H22)*(I22))/(G22*$F$7) -> 333.15415 | E22: =D22/10000 -> 0.033315415 | G22: =digestion_page!B19 -> 0.5033 | H22: =digestion_page!C19 -> 100 | I22: =(LEFT(B22,FIND("/",B22)-1)/RIGHT(B22,LEN(B22)-FIND("/", B22))) -> 1.1111111
A23: 200127789_2 | B23: ="10/9" -> 10/9 | C23: 1.448 | D23: =((C23)*(H23)*(I23))/(G23*$F$7) -> 341.19513 | E23: =D23/10000 -> 0.034119513 | G23: =digestion_page!B20 -> 0.5054 | H23: =digestion_page!C20 -> 100 | I23: =(LEFT(B23,FIND("/",B23)-1)/RIGHT(B23,LEN(B23)-FIND("/", B23))) -> 1.1111111
A25: pt result: | C25: =AVERAGE(D22:D23) -> 337.17464
A26: pt result: | C26: =AVERAGE(E22:E23) -> 0.033717464
A27: pt oxide factor:
A28: pt oxide result: | C28: =AVERAGE(E22:E23)*(C27) -> 0
A29: pt lot: | C29: Manufacturer: Assurance, 28-2PTY exp: 2027-02-28
B31: Note(s):

Sheet 200127790
A1: Date: | B1: 46142
A2: Request ID: | B2: 100048492
A5: LOI temp: | B5: 900
A6: sample | B6: crucible (g) | C6: crucible + sample (g) | D6: ="after "&B5&" °C" -> after 900 °C | E6: LOI (%) | F6: correction
A7: 200127790 | B7: 27.1488 | C7: 29.1542 | D7: 29.0779 | E7: =(((C7-B7)-(D7-B7))/(C7-B7))*100 -> 3.8047272 | F7: =1-(E7/100) -> 0.96195273
A9: Co ICP analysis
A10: sample | B10: Dilution | C10: conc. [mg/L] | D10: Co_ppm [dried] | E10: %Co [dried]
A11: 200127790_1 | B11: ="100/0.23" -> 100/0.23 | C11: 2.289 | D11: =((C11)*(H11)*(I11))/(G11*$F$7) -> 205111.09 | E11: =D11/10000 -> 20.511109 | G11: =digestion_page!B21 -> 0.5044 | H11: =digestion_page!C21 -> 100 | I11: =(LEFT(B11,FIND("/",B11)-1)/RIGHT(B11,LEN(B11)-FIND("/", B11))) -> 434.78261
A12: 200127790_2 | B12: ="100/0.23" -> 100/0.23 | C12: 2.365 | D12: =((C12)*(H12)*(I12))/(G12*$F$7) -> 210834.47 | E12: =D12/10000 -> 21.083447 | G12: =digestion_page!B22 -> 0.507 | H12: =digestion_page!C22 -> 100 | I12: =(LEFT(B12,FIND("/",B12)-1)/RIGHT(B12,LEN(B12)-FIND("/", B12))) -> 434.78261
A14: co result: | C14: =AVERAGE(D11:D12) -> 207972.78
A15: co result: | C15: =AVERAGE(E11:E12) -> 20.797278
A16: co oxide factor:
A17: co oxide result: | C17: =AVERAGE(E11:E12)*(C16) -> 0
A18: co lot: | C18: Manufacturer: Assurance, 28-73COY exp: 2026-10-30
A20: Pt ICP analysis
A21: sample | B21: Dilution | C21: conc. [mg/L] | D21: Pt_ppm [dried] | E21: %Pt [dried]
A22: 200127790_1 | B22: ="10/9" -> 10/9 | C22: 2.173 | D22: =((C22)*(H22)*(I22))/(G22*$F$7) -> 497.60921 | E22: =D22/10000 -> 0.049760921 | G22: =digestion_page!B21 -> 0.5044 | H22: =digestion_page!C21 -> 100 | I22: =(LEFT(B22,FIND("/",B22)-1)/RIGHT(B22,LEN(B22)-FIND("/", B22))) -> 1.1111111
A23: 200127790_2 | B23: ="10/9" -> 10/9 | C23: 2.18 | D23: =((C23)*(H23)*(I23))/(G23*$F$7) -> 496.65212 | E23: =D23/10000 -> 0.049665212 | G23: =digestion_page!B22 -> 0.507 | H23: =digestion_page!C22 -> 100 | I23: =(LEFT(B23,FIND("/",B23)-1)/RIGHT(B23,LEN(B23)-FIND("/", B23))) -> 1.1111111
A25: pt result: | C25: =AVERAGE(D22:D23) -> 497.13066
A26: pt result: | C26: =AVERAGE(E22:E23) -> 0.049713066
A27: pt oxide factor:
A28: pt oxide result: | C28: =AVERAGE(E22:E23)*(C27) -> 0
A29: pt lot: | C29: Manufacturer: Assurance, 28-2PTY exp: 2027-02-28
B31: Note(s):

Sheet 200127791
A1: Date: | B1: 46142
A2: Request ID: | B2: 100048492
A5: LOI temp: | B5: 900
A6: sample | B6: crucible (g) | C6: crucible + sample (g) | D6: ="after "&B5&" °C" -> after 900 °C | E6: LOI (%) | F6: correction
A7: 200127791 | B7: 26.4967 | C7: 28.5045 | D7: 28.421 | E7: =(((C7-B7)-(D7-B7))/(C7-B7))*100 -> 4.1587808 | F7: =1-(E7/100) -> 0.95841219
A9: Co ICP analysis
A10: sample | B10: Dilution | C10: conc. [mg/L] | D10: Co_ppm [dried] | E10: %Co [dried]
A11: 200127791_1 | B11: ="100/0.2" -> 100/0.2 | C11: 1.518 | D11: =((C11)*(H11)*(I11))/(G11*$F$7) -> 156508.86 | E11: =D11/10000 -> 15.650886 | G11: =digestion_page!B23 -> 0.506 | H11: =digestion_page!C23 -> 100 | I11: =(LEFT(B11,FIND("/",B11)-1)/RIGHT(B11,LEN(B11)-FIND("/", B11))) -> 500
A12: 200127791_2 | B12: ="100/0.2" -> 100/0.2 | C12: 1.64 | D12: =((C12)*(H12)*(I12))/(G12*$F$7) -> 168554.33 | E12: =D12/10000 -> 16.855433 | G12: =digestion_page!B24 -> 0.5076 | H12: =digestion_page!C24 -> 100 | I12: =(LEFT(B12,FIND("/",B12)-1)/RIGHT(B12,LEN(B12)-FIND("/", B12))) -> 500
A14: co result: | C14: =AVERAGE(D11:D12) -> 162531.59
A15: co result: | C15: =AVERAGE(E11:E12) -> 16.253159
A16: co oxide factor:
A17: co oxide result: | C17: =AVERAGE(E11:E12)*(C16) -> 0
A18: co lot: | C18: Manufacturer: Assurance, 28-73COY exp: 2026-10-30
A20: Pt ICP analysis
A21: sample | B21: Dilution | C21: conc. [mg/L] | D21: Pt_ppm [dried] | E21: %Pt [dried]
A22: 200127791_1 | B22: ="10/9" -> 10/9 | C22: 1.243 | D22: =((C22)*(H22)*(I22))/(G22*$F$7) -> 284.79068 | E22: =D22/10000 -> 0.028479068 | G22: =digestion_page!B23 -> 0.506 | H22: =digestion_page!C23 -> 100 | I22: =(LEFT(B22,FIND("/",B22)-1)/RIGHT(B22,LEN(B22)-FIND("/", B22))) -> 1.1111111
A23: 200127791_2 | B23: ="10/9" -> 10/9 | C23: 1.255 | D23: =((C23)*(H23)*(I23))/(G23*$F$7) -> 286.63372 | E23: =D23/10000 -> 0.028663372 | G23: =digestion_page!B24 -> 0.5076 | H23: =digestion_page!C24 -> 100 | I23: =(LEFT(B23,FIND("/",B23)-1)/RIGHT(B23,LEN(B23)-FIND("/", B23))) -> 1.1111111
A25: pt result: | C25: =AVERAGE(D22:D23) -> 285.7122
A26: pt result: | C26: =AVERAGE(E22:E23) -> 0.02857122
A27: pt oxide factor:
A28: pt oxide result: | C28: =AVERAGE(E22:E23)*(C27) -> 0
A29: pt lot: | C29: Manufacturer: Assurance, 28-2PTY exp: 2027-02-28
B31: Note(s):

Sheet formula_page
A1: A = crucible
A2: B = crucible + sample
A3: C = crucible + sample after drying
A5: %LOI = ([B-A]-[C-A])/(B-A)*100%
A7: ppm M+ = [conc.][volume][dilution]/[weight]
A9: %M+ = [conc.][volume][dilution]/([weight]*10,000)
A11: %MO = [oxide factor]*%M+
A13: ppm M+ [dried] = ppm M+/([1-(%LOI)/100])
A15: %M+ [dried] = %M+/([1-(%LOI)/100])
A17: %MO [dried] = %MO/([1-(%LOI)/100])
A19: %Cr(VI) = (1.733[mL FAS][N FAS])/([weight])
A21: %Cr2O3 = 1.462*[%Cr(VI)]
A23: %Cr(III) = total_Cr - Cr(VI)
