Workbook

Sheet digestion_page
A1: Date: | B1: 46163
A2: Request ID: | B2: TEST
A5: Microwave
A6: Element(s) | B6: Ca
A7: SOP#
A8: Acid Cocktail
A9: Rack
A10: Vessel
A11: Stir
A12: Time (min) | B12: Power (W) | C12: T1 (°C) | D12: T2 (°C) | E12: P (bar)
A13: 15 | B13: 1200 | C13: 180 | D13: 65 | E13: 110
A14: 15 | B14: 1500 | C14: 240 | D14: 65 | E14: 110
A16: sample(s) | B16: weight (g) | C16: volume (mL)
A17: 200126511_1 | B17: 0.1 | C17: 100
A18: 200126511_2 | B18: 0.1 | C18: 100
A19: 200126513_1 | B19: 0.3 | C19: 300
A20: 200126513_2 | B20: 0.3 | C20: 300
A23: Microwave
A24: Element(s) | B24: Y
A25: SOP#
A26: Acid Cocktail
A27: Rack
A28: Vessel
A29: Stir
A30: Time (min) | B30: Power (W) | C30: T1 (°C) | D30: T2 (°C) | E30: P (bar)
A31: 15 | B31: 1200 | C31: 180 | D31: 65 | E31: 110
A32: 15 | B32: 1500 | C32: 240 | D32: 65 | E32: 110
A34: sample(s) | B34: weight (g) | C34: volume (mL)
A35: 200126512_1 | B35: 0.2 | C35: 200
A36: 200126512_2 | B36: 0.2 | C36: 200

Sheet 200126511
A1: Date: | B1: 46163
A2: Request ID: | B2: TEST
A5: Ca ICP analysis
A6: sample | B6: Dilution | C6: conc. [mg/L] | D6: Ca_ppm | E6: %Ca
A7: 200126511_1 | B7: ="1/1" -> 1/1 | D7: =((C7)*(H7)*(I7))/(G7*1) -> 0 | E7: =D7/10000 -> 0 | G7: =digestion_page!B17 -> 0.1 | H7: =digestion_page!C17 -> 100 | I7: =(LEFT(B7,FIND("/",B7)-1)/RIGHT(B7,LEN(B7)-FIND("/", B7))) -> 1
A8: 200126511_2 | B8: ="1/1" -> 1/1 | D8: =((C8)*(H8)*(I8))/(G8*1) -> 0 | E8: =D8/10000 -> 0 | G8: =digestion_page!B18 -> 0.1 | H8: =digestion_page!C18 -> 100 | I8: =(LEFT(B8,FIND("/",B8)-1)/RIGHT(B8,LEN(B8)-FIND("/", B8))) -> 1
A10: ca result: | C10: =AVERAGE(D7:D8) -> 0
A11: ca result: | C11: =AVERAGE(E7:E8) -> 0
A12: ca oxide factor:
A13: ca oxide result: | C13: =AVERAGE(E7:E8)*(C12) -> 0
A14: ca lot: | C14: Manufacturer: Assurance, 28-35CAY exp: 2026-10-30
B16: Note(s):

Sheet 200126512
A1: Date: | B1: 46163
A2: Request ID: | B2: TEST
A5: Y ICP analysis
A6: sample | B6: Dilution | C6: conc. [mg/L] | D6: Y_ppm | E6: %Y
A7: 200126512_1 | B7: ="1/1" -> 1/1 | D7: =((C7)*(H7)*(I7))/(G7*1) -> 0 | E7: =D7/10000 -> 0 | G7: =digestion_page!B35 -> 0.2 | H7: =digestion_page!C35 -> 200 | I7: =(LEFT(B7,FIND("/",B7)-1)/RIGHT(B7,LEN(B7)-FIND("/", B7))) -> 1
A8: 200126512_2 | B8: ="1/1" -> 1/1 | D8: =((C8)*(H8)*(I8))/(G8*1) -> 0 | E8: =D8/10000 -> 0 | G8: =digestion_page!B36 -> 0.2 | H8: =digestion_page!C36 -> 200 | I8: =(LEFT(B8,FIND("/",B8)-1)/RIGHT(B8,LEN(B8)-FIND("/", B8))) -> 1
A10: y result: | C10: =AVERAGE(D7:D8) -> 0
A11: y result: | C11: =AVERAGE(E7:E8) -> 0
A12: y oxide factor:
A13: y oxide result: | C13: =AVERAGE(E7:E8)*(C12) -> 0
A14: y lot:
B16: Note(s):

Sheet 200126513
A1: Date: | B1: 46163
A2: Request ID: | B2: TEST
A5: Ca ICP analysis
A6: sample | B6: Dilution | C6: conc. [mg/L] | D6: Ca_ppm | E6: %Ca
A7: 200126513_1 | B7: ="1/1" -> 1/1 | D7: =((C7)*(H7)*(I7))/(G7*1) -> 0 | E7: =D7/10000 -> 0 | G7: =digestion_page!B19 -> 0.3 | H7: =digestion_page!C19 -> 300 | I7: =(LEFT(B7,FIND("/",B7)-1)/RIGHT(B7,LEN(B7)-FIND("/", B7))) -> 1
A8: 200126513_2 | B8: ="1/1" -> 1/1 | D8: =((C8)*(H8)*(I8))/(G8*1) -> 0 | E8: =D8/10000 -> 0 | G8: =digestion_page!B20 -> 0.3 | H8: =digestion_page!C20 -> 300 | I8: =(LEFT(B8,FIND("/",B8)-1)/RIGHT(B8,LEN(B8)-FIND("/", B8))) -> 1
A10: ca result: | C10: =AVERAGE(D7:D8) -> 0
A11: ca result: | C11: =AVERAGE(E7:E8) -> 0
A12: ca oxide factor:
A13: ca oxide result: | C13: =AVERAGE(E7:E8)*(C12) -> 0
A14: ca lot: | C14: Manufacturer: Assurance, 28-35CAY exp: 2026-10-30
B16: Note(s):

Sheet formula_page
A1: A = crucible
A2: B = crucible + sample
A3: C = crucible + sample after drying
A5: %LOI = ([B-A]-[C-A])/(B-A)*100%
A7: ppm M+ = [conc.][volume][dilution]/[weight]
A9: %M+ = [conc.][volume][dilution]/([weight]*10,000)
A11: %MO = [oxide factor]*%M+
A13: ppm M+ [dried] = ppm M+/([1-(%LOI)/100])
A15: %M+ [dried] = %M+/([1-(%LOI)/100])
A17: %MO [dried] = %MO/([1-(%LOI)/100])
A19: %Cr(VI) = (1.733[mL FAS][N FAS])/([weight])
A21: %Cr2O3 = 1.462*[%Cr(VI)]
A23: %Cr(III) = total_Cr - Cr(VI)
