Workbook

Sheet digestion_page
A1: Date: | B1: 46153
A2: Request ID: | B2: 100048535
A5: Microwave
A6: Element(s) | B6: Cu, Fe, K
A7: SOP#
A8: Acid Cocktail
A9: Rack
A10: Vessel
A11: Stir
A12: Time (min) | B12: Power (W) | C12: T1 (°C) | D12: T2 (°C) | E12: P (bar)
A13: 15 | B13: 1200 | C13: 180 | D13: 65 | E13: 110
A14: 15 | B14: 1500 | C14: 240 | D14: 65 | E14: 110
A16: sample(s) | B16: weight (g) | C16: volume (mL)
A17: 200127929_1 | B17: 0.3057 | C17: 250
A18: 200127929_2 | B18: 0.3073 | C18: 250

Sheet 200127929
A1: Date: | B1: 46153
A2: Request ID: | B2: 100048535
A5: LOI temp: | B5: 900
A6: sample | B6: crucible (g) | C6: crucible + sample (g) | D6: ="after "&B5&" °C" -> after 900 °C | E6: LOI (%) | F6: correction
A7: 200127929 | B7: 25.7877 | C7: 27.875 | D7: 27.7653 | E7: =(((C7-B7)-(D7-B7))/(C7-B7))*100 -> 5.2555934 | F7: =1-(E7/100) -> 0.94744407
A9: Cu ICP analysis
A10: sample | B10: Dilution | C10: conc. [mg/L] | D10: Cu_ppm [dried] | E10: %Cu [dried]
A11: 200127929_1 | B11: ="100/1" -> 100/1 | C11: 6.005 | D11: =((C11)*(H11)*(I11))/(G11*$F$7) -> 518327.2 | E11: =D11/10000 -> 51.83272 | G11: =digestion_page!B17 -> 0.3057 | H11: =digestion_page!C17 -> 250 | I11: =(LEFT(B11,FIND("/",B11)-1)/RIGHT(B11,LEN(B11)-FIND("/", B11))) -> 100
A12: 200127929_2 | B12: ="100/1" -> 100/1 | C12: 6.2374 | D12: =((C12)*(H12)*(I12))/(G12*$F$7) -> 535583.84 | E12: =D12/10000 -> 53.558384 | G12: =digestion_page!B18 -> 0.3073 | H12: =digestion_page!C18 -> 250 | I12: =(LEFT(B12,FIND("/",B12)-1)/RIGHT(B12,LEN(B12)-FIND("/", B12))) -> 100
A14: cu result: | C14: =AVERAGE(D11:D12) -> 526955.52
A15: cu result: | C15: =AVERAGE(E11:E12) -> 52.695552
A16: cu oxide factor: | C16: 1.252
A17: cu oxide result: | C17: =AVERAGE(E11:E12)*(C16) -> 65.974831
A18: cu lot:
A20: Fe ICP analysis
A21: sample | B21: Dilution | C21: conc. [mg/L] | D21: Fe_ppm [dried] | E21: %Fe [dried]
A22: 200127929_1 | B22: ="100/1" -> 100/1 | C22: 2.475 | D22: =((C22)*(H22)*(I22))/(G22*$F$7) -> 213631.94 | E22: =D22/10000 -> 21.363194 | G22: =digestion_page!B17 -> 0.3057 | H22: =digestion_page!C17 -> 250 | I22: =(LEFT(B22,FIND("/",B22)-1)/RIGHT(B22,LEN(B22)-FIND("/", B22))) -> 100
A23: 200127929_2 | B23: ="100/1" -> 100/1 | C23: 2.585 | D23: =((C23)*(H23)*(I23))/(G23*$F$7) -> 221964.96 | E23: =D23/10000 -> 22.196496 | G23: =digestion_page!B18 -> 0.3073 | H23: =digestion_page!C18 -> 250 | I23: =(LEFT(B23,FIND("/",B23)-1)/RIGHT(B23,LEN(B23)-FIND("/", B23))) -> 100
A25: fe result: | C25: =AVERAGE(D22:D23) -> 217798.45
A26: fe result: | C26: =AVERAGE(E22:E23) -> 21.779845
A27: fe oxide factor: | C27: 1.43
A28: fe oxide result: | C28: =AVERAGE(E22:E23)*(C27) -> 31.145178
A29: fe lot:
A31: K ICP analysis
A32: sample | B32: Dilution | C32: conc. [mg/L] | D32: K_ppm [dried] | E32: %K [dried]
A33: 200127929_1 | B33: ="250/250" -> 250/250 | C33: 8.12 | D33: =((C33)*(H33)*(I33))/(G33*$F$7) -> 7008.8541 | E33: =D33/10000 -> 0.70088541 | G33: =digestion_page!B17 -> 0.3057 | H33: =digestion_page!C17 -> 250 | I33: =(LEFT(B33,FIND("/",B33)-1)/RIGHT(B33,LEN(B33)-FIND("/", B33))) -> 1
A34: 200127929_2 | B34: ="250/250" -> 250/250 | C34: 8.37 | D34: =((C34)*(H34)*(I34))/(G34*$F$7) -> 7187.0278 | E34: =D34/10000 -> 0.71870278 | G34: =digestion_page!B18 -> 0.3073 | H34: =digestion_page!C18 -> 250 | I34: =(LEFT(B34,FIND("/",B34)-1)/RIGHT(B34,LEN(B34)-FIND("/", B34))) -> 1
A36: k result: | C36: =AVERAGE(D33:D34) -> 7097.941
A37: k result: | C37: =AVERAGE(E33:E34) -> 0.7097941
A38: k oxide factor: | C38: 1.205
A39: k oxide result: | C39: =AVERAGE(E33:E34)*(C38) -> 0.85530189
A40: k lot:
B42: Note(s):

Sheet formula_page
A1: A = crucible
A2: B = crucible + sample
A3: C = crucible + sample after drying
A5: %LOI = ([B-A]-[C-A])/(B-A)*100%
A7: ppm M+ = [conc.][volume][dilution]/[weight]
A9: %M+ = [conc.][volume][dilution]/([weight]*10,000)
A11: %MO = [oxide factor]*%M+
A13: ppm M+ [dried] = ppm M+/([1-(%LOI)/100])
A15: %M+ [dried] = %M+/([1-(%LOI)/100])
A17: %MO [dried] = %MO/([1-(%LOI)/100])
A19: %Cr(VI) = (1.733[mL FAS][N FAS])/([weight])
A21: %Cr2O3 = 1.462*[%Cr(VI)]
A23: %Cr(III) = total_Cr - Cr(VI)
