Workbook

Sheet digestion_page
A1: Date: | B1: 46136
A2: Request ID: | B2: 100482511
A5: Microwave
A6: Element(s) | B6: Ca, Cu
A7: SOP#
A8: Acid Cocktail
A9: Rack
A10: Vessel
A11: Stir
A12: Time (min) | B12: Power (W) | C12: T1 (C) | D12: T2 (C) | E12: P (bar)
A16: sample(s) | B16: weight (g) | C16: volume (mL)
A17: 200127586_1
A18: 200127586_2
A19: 200127587_1
A20: 200127587_2
A23: Katanax
A24: Element(s) | B24: Ti, Si
A25: SOP#
A26: Acid Cocktail
A27: sample(s) | B27: weight (g) | C27: volume (mL)
A28: 200127587_1 | C28: 250
A29: 200127587_2 | C29: 250
A30: 200127588_1 | C30: 250
A31: 200127588_2 | C31: 250

Sheet 200127586
A1: Date: | B1: 46136
A2: Request ID: | B2: 100482511
A5: LOI temp:
A6: sample | B6: crucible (g) | C6: crucible + sample (g) | D6: ="after "&B5&" °C" -> 0 | E6: LOI (%) | F6: correction
A7: 200127586 | E7: =(((C7-B7)-(D7-B7))/(C7-B7))*100 -> 0 | F7: =1-(E7/100) -> 0
A9: sample | B9: Dilution | C9: conc. [mg/L] | D9: Ca_ppm [dried] | E9: %Ca [dried]
A10: 200127586_1 | B10: ="1/1" -> 0 | D10: =((C10)*(H10)*(I10))/(G10*$F$7) -> 0 | E10: =D10/10000 -> 0 | G10: =digestion_page!B17 -> 0 | H10: =digestion_page!C17 -> 0 | I10: =(LEFT(B10,FIND("/",B10)-1)/RIGHT(B10,LEN(B10)-FIND("/", B10))) -> 0
A11: 200127586_2 | B11: ="1/1" -> 0 | D11: =((C11)*(H11)*(I11))/(G11*$F$7) -> 0 | E11: =D11/10000 -> 0 | G11: =digestion_page!B18 -> 0 | H11: =digestion_page!C18 -> 0 | I11: =(LEFT(B11,FIND("/",B11)-1)/RIGHT(B11,LEN(B11)-FIND("/", B11))) -> 0
A13: result: | C13: =AVERAGE(D10:D11) -> 0
A14: result: | C14: =AVERAGE(E10:E11) -> 0
A15: oxide factor:
A16: oxide result: | C16: =AVERAGE(E10:E11)*(C15) -> 0
A17: lot:
A19: sample | B19: Dilution | C19: conc. [mg/L] | D19: Cu_ppm [dried] | E19: %Cu [dried]
A20: 200127586_1 | B20: ="1/1" -> 0 | D20: =((C20)*(H20)*(I20))/(G20*$F$7) -> 0 | E20: =D20/10000 -> 0 | G20: =digestion_page!B17 -> 0 | H20: =digestion_page!C17 -> 0 | I20: =(LEFT(B20,FIND("/",B20)-1)/RIGHT(B20,LEN(B20)-FIND("/", B20))) -> 0
A21: 200127586_2 | B21: ="1/1" -> 0 | D21: =((C21)*(H21)*(I21))/(G21*$F$7) -> 0 | E21: =D21/10000 -> 0 | G21: =digestion_page!B18 -> 0 | H21: =digestion_page!C18 -> 0 | I21: =(LEFT(B21,FIND("/",B21)-1)/RIGHT(B21,LEN(B21)-FIND("/", B21))) -> 0
A23: result: | C23: =AVERAGE(D20:D21) -> 0
A24: result: | C24: =AVERAGE(E20:E21) -> 0
A25: oxide factor:
A26: oxide result: | C26: =AVERAGE(E20:E21)*(C25) -> 0
A27: lot:
B29: Note(s):

Sheet 200127587
A1: Date: | B1: 46136
A2: Request ID: | B2: 100482511
A5: LOI temp:
A6: sample | B6: crucible (g) | C6: crucible + sample (g) | D6: ="after "&B5&" °C" -> 0 | E6: LOI (%) | F6: correction
A7: 200127587 | E7: =(((C7-B7)-(D7-B7))/(C7-B7))*100 -> 0 | F7: =1-(E7/100) -> 0
A9: sample | B9: Dilution | C9: conc. [mg/L] | D9: Ca_ppm [dried] | E9: %Ca [dried]
A10: 200127587_1 | B10: ="1/1" -> 0 | D10: =((C10)*(H10)*(I10))/(G10*$F$7) -> 0 | E10: =D10/10000 -> 0 | G10: =digestion_page!B19 -> 0 | H10: =digestion_page!C19 -> 0 | I10: =(LEFT(B10,FIND("/",B10)-1)/RIGHT(B10,LEN(B10)-FIND("/", B10))) -> 0
A11: 200127587_2 | B11: ="1/1" -> 0 | D11: =((C11)*(H11)*(I11))/(G11*$F$7) -> 0 | E11: =D11/10000 -> 0 | G11: =digestion_page!B20 -> 0 | H11: =digestion_page!C20 -> 0 | I11: =(LEFT(B11,FIND("/",B11)-1)/RIGHT(B11,LEN(B11)-FIND("/", B11))) -> 0
A13: result: | C13: =AVERAGE(D10:D11) -> 0
A14: result: | C14: =AVERAGE(E10:E11) -> 0
A15: oxide factor:
A16: oxide result: | C16: =AVERAGE(E10:E11)*(C15) -> 0
A17: lot:
A19: sample | B19: Dilution | C19: conc. [mg/L] | D19: Cu_ppm [dried] | E19: %Cu [dried]
A20: 200127587_1 | B20: ="1/1" -> 0 | D20: =((C20)*(H20)*(I20))/(G20*$F$7) -> 0 | E20: =D20/10000 -> 0 | G20: =digestion_page!B19 -> 0 | H20: =digestion_page!C19 -> 0 | I20: =(LEFT(B20,FIND("/",B20)-1)/RIGHT(B20,LEN(B20)-FIND("/", B20))) -> 0
A21: 200127587_2 | B21: ="1/1" -> 0 | D21: =((C21)*(H21)*(I21))/(G21*$F$7) -> 0 | E21: =D21/10000 -> 0 | G21: =digestion_page!B20 -> 0 | H21: =digestion_page!C20 -> 0 | I21: =(LEFT(B21,FIND("/",B21)-1)/RIGHT(B21,LEN(B21)-FIND("/", B21))) -> 0
A23: result: | C23: =AVERAGE(D20:D21) -> 0
A24: result: | C24: =AVERAGE(E20:E21) -> 0
A25: oxide factor:
A26: oxide result: | C26: =AVERAGE(E20:E21)*(C25) -> 0
A27: lot:
A29: sample | B29: Dilution | C29: conc. [mg/L] | D29: Ti_ppm [dried] | E29: %Ti [dried]
A30: 200127587_1 | B30: ="1/1" -> 0 | D30: =((C30)*(H30)*(I30))/(G30*$F$7) -> 0 | E30: =D30/10000 -> 0 | G30: =digestion_page!B28 -> 0 | H30: =digestion_page!C28 -> 0 | I30: =(LEFT(B30,FIND("/",B30)-1)/RIGHT(B30,LEN(B30)-FIND("/", B30))) -> 0
A31: 200127587_2 | B31: ="1/1" -> 0 | D31: =((C31)*(H31)*(I31))/(G31*$F$7) -> 0 | E31: =D31/10000 -> 0 | G31: =digestion_page!B29 -> 0 | H31: =digestion_page!C29 -> 0 | I31: =(LEFT(B31,FIND("/",B31)-1)/RIGHT(B31,LEN(B31)-FIND("/", B31))) -> 0
A33: result: | C33: =AVERAGE(D30:D31) -> 0
A34: result: | C34: =AVERAGE(E30:E31) -> 0
A35: oxide factor:
A36: oxide result: | C36: =AVERAGE(E30:E31)*(C35) -> 0
A37: lot:
A39: sample | B39: Dilution | C39: conc. [mg/L] | D39: Si_ppm [dried] | E39: %Si [dried]
A40: 200127587_1 | B40: ="1/1" -> 0 | D40: =((C40)*(H40)*(I40))/(G40*$F$7) -> 0 | E40: =D40/10000 -> 0 | G40: =digestion_page!B28 -> 0 | H40: =digestion_page!C28 -> 0 | I40: =(LEFT(B40,FIND("/",B40)-1)/RIGHT(B40,LEN(B40)-FIND("/", B40))) -> 0
A41: 200127587_2 | B41: ="1/1" -> 0 | D41: =((C41)*(H41)*(I41))/(G41*$F$7) -> 0 | E41: =D41/10000 -> 0 | G41: =digestion_page!B29 -> 0 | H41: =digestion_page!C29 -> 0 | I41: =(LEFT(B41,FIND("/",B41)-1)/RIGHT(B41,LEN(B41)-FIND("/", B41))) -> 0
A43: result: | C43: =AVERAGE(D40:D41) -> 0
A44: result: | C44: =AVERAGE(E40:E41) -> 0
A45: oxide factor:
A46: oxide result: | C46: =AVERAGE(E40:E41)*(C45) -> 0
A47: lot:
B49: Note(s):

Sheet 200127588
A1: Date: | B1: 46136
A2: Request ID: | B2: 100482511
A5: LOI temp:
A6: sample | B6: crucible (g) | C6: crucible + sample (g) | D6: ="after "&B5&" °C" -> 0 | E6: LOI (%) | F6: correction
A7: 200127588 | E7: =(((C7-B7)-(D7-B7))/(C7-B7))*100 -> 0 | F7: =1-(E7/100) -> 0
A9: sample | B9: Dilution | C9: conc. [mg/L] | D9: Ti_ppm [dried] | E9: %Ti [dried]
A10: 200127588_1 | B10: ="1/1" -> 0 | D10: =((C10)*(H10)*(I10))/(G10*$F$7) -> 0 | E10: =D10/10000 -> 0 | G10: =digestion_page!B30 -> 0 | H10: =digestion_page!C30 -> 0 | I10: =(LEFT(B10,FIND("/",B10)-1)/RIGHT(B10,LEN(B10)-FIND("/", B10))) -> 0
A11: 200127588_2 | B11: ="1/1" -> 0 | D11: =((C11)*(H11)*(I11))/(G11*$F$7) -> 0 | E11: =D11/10000 -> 0 | G11: =digestion_page!B31 -> 0 | H11: =digestion_page!C31 -> 0 | I11: =(LEFT(B11,FIND("/",B11)-1)/RIGHT(B11,LEN(B11)-FIND("/", B11))) -> 0
A13: result: | C13: =AVERAGE(D10:D11) -> 0
A14: result: | C14: =AVERAGE(E10:E11) -> 0
A15: oxide factor:
A16: oxide result: | C16: =AVERAGE(E10:E11)*(C15) -> 0
A17: lot:
A19: sample | B19: Dilution | C19: conc. [mg/L] | D19: Si_ppm [dried] | E19: %Si [dried]
A20: 200127588_1 | B20: ="1/1" -> 0 | D20: =((C20)*(H20)*(I20))/(G20*$F$7) -> 0 | E20: =D20/10000 -> 0 | G20: =digestion_page!B30 -> 0 | H20: =digestion_page!C30 -> 0 | I20: =(LEFT(B20,FIND("/",B20)-1)/RIGHT(B20,LEN(B20)-FIND("/", B20))) -> 0
A21: 200127588_2 | B21: ="1/1" -> 0 | D21: =((C21)*(H21)*(I21))/(G21*$F$7) -> 0 | E21: =D21/10000 -> 0 | G21: =digestion_page!B31 -> 0 | H21: =digestion_page!C31 -> 0 | I21: =(LEFT(B21,FIND("/",B21)-1)/RIGHT(B21,LEN(B21)-FIND("/", B21))) -> 0
A23: result: | C23: =AVERAGE(D20:D21) -> 0
A24: result: | C24: =AVERAGE(E20:E21) -> 0
A25: oxide factor:
A26: oxide result: | C26: =AVERAGE(E20:E21)*(C25) -> 0
A27: lot:
B29: Note(s):
