Workbook

Sheet digestion_page
A1: Date: | B1: 46217
A2: Request ID: | B2: 1000486001
A5: Hotplate
A6: Analyte(s) | B6: Ca
A7: SOP#
A8: Cocktail
A9: sample(s) | B9: weight (g) | C9: volume (mL)
A10: 200128601_1
A11: 200128601_2
A12: 200128601_3
A13: 200128602_1
A14: 200128602_2
A15: 200128602_3
A16: 200128603_1
A17: 200128603_2
A18: 200128603_3
A21: Hotplate
A22: Analyte(s) | B22: Na
A23: SOP#
A24: Cocktail
A25: sample(s) | B25: weight (g) | C25: volume (mL)
A26: 200128602_1
A27: 200128602_2
A28: 200128602_3

Sheet 200128601
A1: Date: | B1: 46217
A2: Request ID: | B2: 1000486001
A5: Ca ICP analysis
A6: sample | B6: Dilution | C6: conc. [mg/L] | D6: Ca_ppm | E6: %Ca
A7: 200128601_1 | B7: ="1/1" -> 0 | D7: =((C7)*(H7)*(I7))/(G7*1) -> 0 | E7: =D7/10000 -> 0 | G7: =digestion_page!B10 -> 0 | H7: =digestion_page!C10 -> 0 | I7: =(LEFT(B7,FIND("/",B7)-1)/RIGHT(B7,LEN(B7)-FIND("/", B7))) -> 0
A8: 200128601_2 | B8: ="1/1" -> 0 | D8: =((C8)*(H8)*(I8))/(G8*1) -> 0 | E8: =D8/10000 -> 0 | G8: =digestion_page!B11 -> 0 | H8: =digestion_page!C11 -> 0 | I8: =(LEFT(B8,FIND("/",B8)-1)/RIGHT(B8,LEN(B8)-FIND("/", B8))) -> 0
A9: 200128601_3 | B9: ="1/1" -> 0 | D9: =((C9)*(H9)*(I9))/(G9*1) -> 0 | E9: =D9/10000 -> 0 | G9: =digestion_page!B12 -> 0 | H9: =digestion_page!C12 -> 0 | I9: =(LEFT(B9,FIND("/",B9)-1)/RIGHT(B9,LEN(B9)-FIND("/", B9))) -> 0
A11: ca result: | C11: =AVERAGE(D7:D9) -> 0
A12: ca result: | C12: =AVERAGE(E7:E9) -> 0
A13: ca lot: | C13: Manufacturer: Assurance, 28-35CAY exp: 2026-10-30
B15: Note(s):

Sheet 200128602
A1: Date: | B1: 46217
A2: Request ID: | B2: 1000486001
A5: Ca ICP analysis
A6: sample | B6: Dilution | C6: conc. [mg/L] | D6: Ca_ppm | E6: %Ca
A7: 200128602_1 | B7: ="1/1" -> 0 | D7: =((C7)*(H7)*(I7))/(G7*1) -> 0 | E7: =D7/10000 -> 0 | G7: =digestion_page!B13 -> 0 | H7: =digestion_page!C13 -> 0 | I7: =(LEFT(B7,FIND("/",B7)-1)/RIGHT(B7,LEN(B7)-FIND("/", B7))) -> 0
A8: 200128602_2 | B8: ="1/1" -> 0 | D8: =((C8)*(H8)*(I8))/(G8*1) -> 0 | E8: =D8/10000 -> 0 | G8: =digestion_page!B14 -> 0 | H8: =digestion_page!C14 -> 0 | I8: =(LEFT(B8,FIND("/",B8)-1)/RIGHT(B8,LEN(B8)-FIND("/", B8))) -> 0
A9: 200128602_3 | B9: ="1/1" -> 0 | D9: =((C9)*(H9)*(I9))/(G9*1) -> 0 | E9: =D9/10000 -> 0 | G9: =digestion_page!B15 -> 0 | H9: =digestion_page!C15 -> 0 | I9: =(LEFT(B9,FIND("/",B9)-1)/RIGHT(B9,LEN(B9)-FIND("/", B9))) -> 0
A11: ca result: | C11: =AVERAGE(D7:D9) -> 0
A12: ca result: | C12: =AVERAGE(E7:E9) -> 0
A13: ca lot: | C13: Manufacturer: Assurance, 28-35CAY exp: 2026-10-30
A15: Na ICP analysis
A16: sample | B16: Dilution | C16: conc. [mg/L] | D16: Na_ppm | E16: %Na
A17: 200128602_1 | B17: ="1/1" -> 0 | D17: =((C17)*(H17)*(I17))/(G17*1) -> 0 | E17: =D17/10000 -> 0 | G17: =digestion_page!B26 -> 0 | H17: =digestion_page!C26 -> 0 | I17: =(LEFT(B17,FIND("/",B17)-1)/RIGHT(B17,LEN(B17)-FIND("/", B17))) -> 0
A18: 200128602_2 | B18: ="1/1" -> 0 | D18: =((C18)*(H18)*(I18))/(G18*1) -> 0 | E18: =D18/10000 -> 0 | G18: =digestion_page!B27 -> 0 | H18: =digestion_page!C27 -> 0 | I18: =(LEFT(B18,FIND("/",B18)-1)/RIGHT(B18,LEN(B18)-FIND("/", B18))) -> 0
A19: 200128602_3 | B19: ="1/1" -> 0 | D19: =((C19)*(H19)*(I19))/(G19*1) -> 0 | E19: =D19/10000 -> 0 | G19: =digestion_page!B28 -> 0 | H19: =digestion_page!C28 -> 0 | I19: =(LEFT(B19,FIND("/",B19)-1)/RIGHT(B19,LEN(B19)-FIND("/", B19))) -> 0
A21: na result: | C21: =AVERAGE(D17:D19) -> 0
A22: na result: | C22: =AVERAGE(E17:E19) -> 0
A23: na lot: | C23: Manufacturer: Assurance, 27-159NAY exp: 2026-08-30
B25: Note(s):

Sheet 200128603
A1: Date: | B1: 46217
A2: Request ID: | B2: 1000486001
A5: Ca ICP analysis
A6: sample | B6: Dilution | C6: conc. [mg/L] | D6: Ca_ppm | E6: %Ca
A7: 200128603_1 | B7: ="1/1" -> 0 | D7: =((C7)*(H7)*(I7))/(G7*1) -> 0 | E7: =D7/10000 -> 0 | G7: =digestion_page!B16 -> 0 | H7: =digestion_page!C16 -> 0 | I7: =(LEFT(B7,FIND("/",B7)-1)/RIGHT(B7,LEN(B7)-FIND("/", B7))) -> 0
A8: 200128603_2 | B8: ="1/1" -> 0 | D8: =((C8)*(H8)*(I8))/(G8*1) -> 0 | E8: =D8/10000 -> 0 | G8: =digestion_page!B17 -> 0 | H8: =digestion_page!C17 -> 0 | I8: =(LEFT(B8,FIND("/",B8)-1)/RIGHT(B8,LEN(B8)-FIND("/", B8))) -> 0
A9: 200128603_3 | B9: ="1/1" -> 0 | D9: =((C9)*(H9)*(I9))/(G9*1) -> 0 | E9: =D9/10000 -> 0 | G9: =digestion_page!B18 -> 0 | H9: =digestion_page!C18 -> 0 | I9: =(LEFT(B9,FIND("/",B9)-1)/RIGHT(B9,LEN(B9)-FIND("/", B9))) -> 0
A11: ca result: | C11: =AVERAGE(D7:D9) -> 0
A12: ca result: | C12: =AVERAGE(E7:E9) -> 0
A13: ca lot: | C13: Manufacturer: Assurance, 28-35CAY exp: 2026-10-30
B15: Note(s):

Sheet formula_page
A1: ppm M+ = [conc.][volume][dilution]/[weight]
A3: %M+ = [conc.][volume][dilution]/([weight]*10,000)
A5: %MO = [oxide factor]*%M+
