Workbook

Sheet digestion_page
A1: Date: | B1: 46154
A2: Request ID: | B2: test
A5: Hotplate
A6: Element(s) | B6: cr6+_EPA
A7: SOP#
A8: Cocktail
A9: sample(s) | B9: weight (g) | C9: volume (mL)
A10: 200126511_1
A11: 200126511_2
A12: 200126512_1
A13: 200126512_2
A16: Hotplate
A17: Element(s) | B17: Cl
A18: SOP#
A19: Cocktail
A20: sample(s) | B20: weight (g) | C20: volume (mL)
A21: 200126511_1
A22: 200126511_2
A23: 200126512_1
A24: 200126512_2

Sheet 200126511
A1: Date: | B1: 46154
A2: Request ID: | B2: test
A5: cr6+_EPA UV-Vis analysis
A6: sample | B6: Dilution | C6: conc. [mg/L] | D6: cr6+_EPA_ppm | E6: %cr6+_EPA
A7: 200126511_1 | B7: ="1/1" -> 0 | D7: =((C7)*(H7)*(I7))/(G7*1) -> 0 | E7: =D7/10000 -> 0 | G7: =digestion_page!B10 -> 0 | H7: =digestion_page!C10 -> 0 | I7: =(LEFT(B7,FIND("/",B7)-1)/RIGHT(B7,LEN(B7)-FIND("/", B7))) -> 0
A8: 200126511_2 | B8: ="1/1" -> 0 | D8: =((C8)*(H8)*(I8))/(G8*1) -> 0 | E8: =D8/10000 -> 0 | G8: =digestion_page!B11 -> 0 | H8: =digestion_page!C11 -> 0 | I8: =(LEFT(B8,FIND("/",B8)-1)/RIGHT(B8,LEN(B8)-FIND("/", B8))) -> 0
A10: cr6+_epa result: | C10: =AVERAGE(D7:D8) -> 0
A11: cr6+_epa result: | C11: =AVERAGE(E7:E8) -> 0
A12: cr6+_epa oxide factor:
A13: cr6+_epa oxide result: | C13: =AVERAGE(E7:E8)*(C12) -> 0
A14: cr6+_epa lot:
A16: Cl IC analysis
A17: sample | B17: Dilution | C17: conc. [mg/L] | D17: Cl_ppm | E17: %Cl
A18: 200126511_1 | B18: ="1/1" -> 0 | D18: =((C18)*(H18)*(I18))/(G18*1) -> 0 | E18: =D18/10000 -> 0 | G18: =digestion_page!B21 -> 0 | H18: =digestion_page!C21 -> 0 | I18: =(LEFT(B18,FIND("/",B18)-1)/RIGHT(B18,LEN(B18)-FIND("/", B18))) -> 0
A19: 200126511_2 | B19: ="1/1" -> 0 | D19: =((C19)*(H19)*(I19))/(G19*1) -> 0 | E19: =D19/10000 -> 0 | G19: =digestion_page!B22 -> 0 | H19: =digestion_page!C22 -> 0 | I19: =(LEFT(B19,FIND("/",B19)-1)/RIGHT(B19,LEN(B19)-FIND("/", B19))) -> 0
A21: cl result: | C21: =AVERAGE(D18:D19) -> 0
A22: cl result: | C22: =AVERAGE(E18:E19) -> 0
A23: cl oxide factor:
A24: cl oxide result: | C24: =AVERAGE(E18:E19)*(C23) -> 0
A25: cl lot:
B27: Note(s):

Sheet 200126512
A1: Date: | B1: 46154
A2: Request ID: | B2: test
A5: cr6+_EPA UV-Vis analysis
A6: sample | B6: Dilution | C6: conc. [mg/L] | D6: cr6+_EPA_ppm | E6: %cr6+_EPA
A7: 200126512_1 | B7: ="1/1" -> 0 | D7: =((C7)*(H7)*(I7))/(G7*1) -> 0 | E7: =D7/10000 -> 0 | G7: =digestion_page!B12 -> 0 | H7: =digestion_page!C12 -> 0 | I7: =(LEFT(B7,FIND("/",B7)-1)/RIGHT(B7,LEN(B7)-FIND("/", B7))) -> 0
A8: 200126512_2 | B8: ="1/1" -> 0 | D8: =((C8)*(H8)*(I8))/(G8*1) -> 0 | E8: =D8/10000 -> 0 | G8: =digestion_page!B13 -> 0 | H8: =digestion_page!C13 -> 0 | I8: =(LEFT(B8,FIND("/",B8)-1)/RIGHT(B8,LEN(B8)-FIND("/", B8))) -> 0
A10: cr6+_epa result: | C10: =AVERAGE(D7:D8) -> 0
A11: cr6+_epa result: | C11: =AVERAGE(E7:E8) -> 0
A12: cr6+_epa oxide factor:
A13: cr6+_epa oxide result: | C13: =AVERAGE(E7:E8)*(C12) -> 0
A14: cr6+_epa lot:
A16: Cl IC analysis
A17: sample | B17: Dilution | C17: conc. [mg/L] | D17: Cl_ppm | E17: %Cl
A18: 200126512_1 | B18: ="1/1" -> 0 | D18: =((C18)*(H18)*(I18))/(G18*1) -> 0 | E18: =D18/10000 -> 0 | G18: =digestion_page!B23 -> 0 | H18: =digestion_page!C23 -> 0 | I18: =(LEFT(B18,FIND("/",B18)-1)/RIGHT(B18,LEN(B18)-FIND("/", B18))) -> 0
A19: 200126512_2 | B19: ="1/1" -> 0 | D19: =((C19)*(H19)*(I19))/(G19*1) -> 0 | E19: =D19/10000 -> 0 | G19: =digestion_page!B24 -> 0 | H19: =digestion_page!C24 -> 0 | I19: =(LEFT(B19,FIND("/",B19)-1)/RIGHT(B19,LEN(B19)-FIND("/", B19))) -> 0
A21: cl result: | C21: =AVERAGE(D18:D19) -> 0
A22: cl result: | C22: =AVERAGE(E18:E19) -> 0
A23: cl oxide factor:
A24: cl oxide result: | C24: =AVERAGE(E18:E19)*(C23) -> 0
A25: cl lot:
B27: Note(s):

Sheet formula_page
A1: A = crucible
A2: B = crucible + sample
A3: C = crucible + sample after drying
A5: %LOI = ([B-A]-[C-A])/(B-A)*100%
A7: ppm M+ = [conc.][volume][dilution]/[weight]
A9: %M+ = [conc.][volume][dilution]/([weight]*10,000)
A11: %MO = [oxide factor]*%M+
A13: ppm M+ [dried] = ppm M+/([1-(%LOI)/100])
A15: %M+ [dried] = %M+/([1-(%LOI)/100])
A17: %MO [dried] = %MO/([1-(%LOI)/100])
A19: %Cr(VI) = (1.733[mL FAS][N FAS])/([weight])
A21: %Cr2O3 = 1.462*[%Cr(VI)]
A23: %Cr(III) = total_Cr - Cr(VI)
