Workbook

Sheet digestion_page
A1: Date: | B1: 46211
A2: Request ID: | B2: 100048600
A5: Hotplate
A6: Analyte(s) | B6: Ca
A7: SOP#
A8: Cocktail
A9: sample(s) | B9: weight (g) | C9: volume (mL)
A10: 200120001_1
A11: 200120001_2
A12: 200120001_3
A13: 200120001_4
A14: 200120001_5
A15: 200120001_6
A16: 200120001_7
A17: 200120001_8
A18: 200120001_9
A19: 200120001_10
A20: 200120001_11
A21: 200120001_12
... A211: 200120002_101

Sheet 200120001
A1: Date: | B1: 46211
A2: Request ID: | B2: 100048600
A5: Ca ICP analysis
A6: sample | B6: Dilution | C6: conc. [mg/L] | D6: Ca_ppm | E6: %Ca
A7: 200120001_1 | B7: ="1/1" -> 0 | D7: =((C7)*(H7)*(I7))/(G7*1) -> 0 | E7: =D7/10000 -> 0 | G7: =digestion_page!B10 -> 0 | H7: =digestion_page!C10 -> 0 | I7: =(LEFT(B7,FIND("/",B7)-1)/RIGHT(B7,LEN(B7)-FIND("/", B7))) -> 0
A8: 200120001_2 | B8: ="1/1" -> 0 | D8: =((C8)*(H8)*(I8))/(G8*1) -> 0 | E8: =D8/10000 -> 0 | G8: =digestion_page!B11 -> 0 | H8: =digestion_page!C11 -> 0 | I8: =(LEFT(B8,FIND("/",B8)-1)/RIGHT(B8,LEN(B8)-FIND("/", B8))) -> 0
A9: 200120001_3 | B9: ="1/1" -> 0 | D9: =((C9)*(H9)*(I9))/(G9*1) -> 0 | E9: =D9/10000 -> 0 | G9: =digestion_page!B12 -> 0 | H9: =digestion_page!C12 -> 0 | I9: =(LEFT(B9,FIND("/",B9)-1)/RIGHT(B9,LEN(B9)-FIND("/", B9))) -> 0
A10: 200120001_4 | B10: ="1/1" -> 0 | D10: =((C10)*(H10)*(I10))/(G10*1) -> 0 | E10: =D10/10000 -> 0 | G10: =digestion_page!B13 -> 0 | H10: =digestion_page!C13 -> 0 | I10: =(LEFT(B10,FIND("/",B10)-1)/RIGHT(B10,LEN(B10)-FIND("/", B10))) -> 0
A11: 200120001_5 | B11: ="1/1" -> 0 | D11: =((C11)*(H11)*(I11))/(G11*1) -> 0 | E11: =D11/10000 -> 0 | G11: =digestion_page!B14 -> 0 | H11: =digestion_page!C14 -> 0 | I11: =(LEFT(B11,FIND("/",B11)-1)/RIGHT(B11,LEN(B11)-FIND("/", B11))) -> 0
A12: 200120001_6 | B12: ="1/1" -> 0 | D12: =((C12)*(H12)*(I12))/(G12*1) -> 0 | E12: =D12/10000 -> 0 | G12: =digestion_page!B15 -> 0 | H12: =digestion_page!C15 -> 0 | I12: =(LEFT(B12,FIND("/",B12)-1)/RIGHT(B12,LEN(B12)-FIND("/", B12))) -> 0
A13: 200120001_7 | B13: ="1/1" -> 0 | D13: =((C13)*(H13)*(I13))/(G13*1) -> 0 | E13: =D13/10000 -> 0 | G13: =digestion_page!B16 -> 0 | H13: =digestion_page!C16 -> 0 | I13: =(LEFT(B13,FIND("/",B13)-1)/RIGHT(B13,LEN(B13)-FIND("/", B13))) -> 0
A14: 200120001_8 | B14: ="1/1" -> 0 | D14: =((C14)*(H14)*(I14))/(G14*1) -> 0 | E14: =D14/10000 -> 0 | G14: =digestion_page!B17 -> 0 | H14: =digestion_page!C17 -> 0 | I14: =(LEFT(B14,FIND("/",B14)-1)/RIGHT(B14,LEN(B14)-FIND("/", B14))) -> 0
A15: 200120001_9 | B15: ="1/1" -> 0 | D15: =((C15)*(H15)*(I15))/(G15*1) -> 0 | E15: =D15/10000 -> 0 | G15: =digestion_page!B18 -> 0 | H15: =digestion_page!C18 -> 0 | I15: =(LEFT(B15,FIND("/",B15)-1)/RIGHT(B15,LEN(B15)-FIND("/", B15))) -> 0
A16: 200120001_10 | B16: ="1/1" -> 0 | D16: =((C16)*(H16)*(I16))/(G16*1) -> 0 | E16: =D16/10000 -> 0 | G16: =digestion_page!B19 -> 0 | H16: =digestion_page!C19 -> 0 | I16: =(LEFT(B16,FIND("/",B16)-1)/RIGHT(B16,LEN(B16)-FIND("/", B16))) -> 0
A17: 200120001_11 | B17: ="1/1" -> 0 | D17: =((C17)*(H17)*(I17))/(G17*1) -> 0 | E17: =D17/10000 -> 0 | G17: =digestion_page!B20 -> 0 | H17: =digestion_page!C20 -> 0 | I17: =(LEFT(B17,FIND("/",B17)-1)/RIGHT(B17,LEN(B17)-FIND("/", B17))) -> 0
A18: 200120001_12 | B18: ="1/1" -> 0 | D18: =((C18)*(H18)*(I18))/(G18*1) -> 0 | E18: =D18/10000 -> 0 | G18: =digestion_page!B21 -> 0 | H18: =digestion_page!C21 -> 0 | I18: =(LEFT(B18,FIND("/",B18)-1)/RIGHT(B18,LEN(B18)-FIND("/", B18))) -> 0
... A107: 200120001_101 | B107: ="1/1" -> 0 | D107: =((C107)*(H107)*(I107))/(G107*1) -> 0 | E107: =D107/10000 -> 0 | G107: =digestion_page!B110 -> 0 | H107: =digestion_page!C110 -> 0 | I107: =(LEFT(B107,FIND("/",B107)-1)/RIGHT(B107,LEN(B107)-FIND("/", B107))) -> 0
A109: ca result: | C109: =AVERAGE(D7:D107) -> 0
A110: ca result: | C110: =AVERAGE(E7:E107) -> 0
A111: ca lot: | C111: Manufacturer: Assurance, 28-35CAY exp: 2026-10-30
B113: Note(s):

Sheet 200120002
A1: Date: | B1: 46211
A2: Request ID: | B2: 100048600
A5: Ca ICP analysis
A6: sample | B6: Dilution | C6: conc. [mg/L] | D6: Ca_ppm | E6: %Ca
A7: 200120002_1 | B7: ="1/1" -> 0 | D7: =((C7)*(H7)*(I7))/(G7*1) -> 0 | E7: =D7/10000 -> 0 | G7: =digestion_page!B111 -> 0 | H7: =digestion_page!C111 -> 0 | I7: =(LEFT(B7,FIND("/",B7)-1)/RIGHT(B7,LEN(B7)-FIND("/", B7))) -> 0
A8: 200120002_2 | B8: ="1/1" -> 0 | D8: =((C8)*(H8)*(I8))/(G8*1) -> 0 | E8: =D8/10000 -> 0 | G8: =digestion_page!B112 -> 0 | H8: =digestion_page!C112 -> 0 | I8: =(LEFT(B8,FIND("/",B8)-1)/RIGHT(B8,LEN(B8)-FIND("/", B8))) -> 0
A9: 200120002_3 | B9: ="1/1" -> 0 | D9: =((C9)*(H9)*(I9))/(G9*1) -> 0 | E9: =D9/10000 -> 0 | G9: =digestion_page!B113 -> 0 | H9: =digestion_page!C113 -> 0 | I9: =(LEFT(B9,FIND("/",B9)-1)/RIGHT(B9,LEN(B9)-FIND("/", B9))) -> 0
A10: 200120002_4 | B10: ="1/1" -> 0 | D10: =((C10)*(H10)*(I10))/(G10*1) -> 0 | E10: =D10/10000 -> 0 | G10: =digestion_page!B114 -> 0 | H10: =digestion_page!C114 -> 0 | I10: =(LEFT(B10,FIND("/",B10)-1)/RIGHT(B10,LEN(B10)-FIND("/", B10))) -> 0
A11: 200120002_5 | B11: ="1/1" -> 0 | D11: =((C11)*(H11)*(I11))/(G11*1) -> 0 | E11: =D11/10000 -> 0 | G11: =digestion_page!B115 -> 0 | H11: =digestion_page!C115 -> 0 | I11: =(LEFT(B11,FIND("/",B11)-1)/RIGHT(B11,LEN(B11)-FIND("/", B11))) -> 0
A12: 200120002_6 | B12: ="1/1" -> 0 | D12: =((C12)*(H12)*(I12))/(G12*1) -> 0 | E12: =D12/10000 -> 0 | G12: =digestion_page!B116 -> 0 | H12: =digestion_page!C116 -> 0 | I12: =(LEFT(B12,FIND("/",B12)-1)/RIGHT(B12,LEN(B12)-FIND("/", B12))) -> 0
A13: 200120002_7 | B13: ="1/1" -> 0 | D13: =((C13)*(H13)*(I13))/(G13*1) -> 0 | E13: =D13/10000 -> 0 | G13: =digestion_page!B117 -> 0 | H13: =digestion_page!C117 -> 0 | I13: =(LEFT(B13,FIND("/",B13)-1)/RIGHT(B13,LEN(B13)-FIND("/", B13))) -> 0
A14: 200120002_8 | B14: ="1/1" -> 0 | D14: =((C14)*(H14)*(I14))/(G14*1) -> 0 | E14: =D14/10000 -> 0 | G14: =digestion_page!B118 -> 0 | H14: =digestion_page!C118 -> 0 | I14: =(LEFT(B14,FIND("/",B14)-1)/RIGHT(B14,LEN(B14)-FIND("/", B14))) -> 0
A15: 200120002_9 | B15: ="1/1" -> 0 | D15: =((C15)*(H15)*(I15))/(G15*1) -> 0 | E15: =D15/10000 -> 0 | G15: =digestion_page!B119 -> 0 | H15: =digestion_page!C119 -> 0 | I15: =(LEFT(B15,FIND("/",B15)-1)/RIGHT(B15,LEN(B15)-FIND("/", B15))) -> 0
A16: 200120002_10 | B16: ="1/1" -> 0 | D16: =((C16)*(H16)*(I16))/(G16*1) -> 0 | E16: =D16/10000 -> 0 | G16: =digestion_page!B120 -> 0 | H16: =digestion_page!C120 -> 0 | I16: =(LEFT(B16,FIND("/",B16)-1)/RIGHT(B16,LEN(B16)-FIND("/", B16))) -> 0
A17: 200120002_11 | B17: ="1/1" -> 0 | D17: =((C17)*(H17)*(I17))/(G17*1) -> 0 | E17: =D17/10000 -> 0 | G17: =digestion_page!B121 -> 0 | H17: =digestion_page!C121 -> 0 | I17: =(LEFT(B17,FIND("/",B17)-1)/RIGHT(B17,LEN(B17)-FIND("/", B17))) -> 0
A18: 200120002_12 | B18: ="1/1" -> 0 | D18: =((C18)*(H18)*(I18))/(G18*1) -> 0 | E18: =D18/10000 -> 0 | G18: =digestion_page!B122 -> 0 | H18: =digestion_page!C122 -> 0 | I18: =(LEFT(B18,FIND("/",B18)-1)/RIGHT(B18,LEN(B18)-FIND("/", B18))) -> 0
... A107: 200120002_101 | B107: ="1/1" -> 0 | D107: =((C107)*(H107)*(I107))/(G107*1) -> 0 | E107: =D107/10000 -> 0 | G107: =digestion_page!B211 -> 0 | H107: =digestion_page!C211 -> 0 | I107: =(LEFT(B107,FIND("/",B107)-1)/RIGHT(B107,LEN(B107)-FIND("/", B107))) -> 0
A109: ca result: | C109: =AVERAGE(D7:D107) -> 0
A110: ca result: | C110: =AVERAGE(E7:E107) -> 0
A111: ca lot: | C111: Manufacturer: Assurance, 28-35CAY exp: 2026-10-30
B113: Note(s):

Sheet formula_page
A1: ppm M+ = [conc.][volume][dilution]/[weight]
A3: %M+ = [conc.][volume][dilution]/([weight]*10,000)
A5: %MO = [oxide factor]*%M+
