Workbook

Sheet digestion_page
A1: Date: | B1: 46248
A2: Request ID: | B2: 100048000
A5: Katanax
A6: Analyte(s) | B6: Ca
A7: SOP#
A8: Acid Cocktail
A9: sample(s) | B9: weight (g) | C9: volume (mL)
A10: 200120000_1 | B10: 0.2 | C10: 250
A11: 200120000_2 | B11: 0.2 | C11: 250
A12: 200120002_1 | B12: 0.2001 | C12: 250
A13: 200120002_2 | B13: 0.2002 | C13: 250
A16: Katanax
A17: Analyte(s) | B17: Ti
A18: SOP#
A19: Acid Cocktail
A20: sample(s) | B20: weight (g) | C20: volume (mL)
A21: 200120002_1 | B21: 0.2001 | C21: 250
A22: 200120002_2 | B22: 0.2002 | C22: 250
A25: Hotplate
A26: Analyte(s) | B26: Pt
A27: SOP#
A28: Cocktail
A29: sample(s) | B29: weight (g) | C29: volume (mL)
A30: 200120004_1 | B30: 0.5 | C30: 50
A31: 200120004_2 | B31: 0.5 | C31: 50

Sheet 200120000
A1: Date: | B1: 46248
A2: Request ID: | B2: 100048000
A5: LOI temp: | B5: 900
A6: sample | B6: crucible (g) | C6: crucible + sample (g) | D6: ="after "&B5&" °C" -> after 900 °C | E6: LOI (%) | F6: correction
A7: 200120000 | B7: 2 | C7: 2.1 | D7: 2.1 | E7: =(((C7-B7)-(D7-B7))/(C7-B7))*100 -> 0 | F7: =1-(E7/100) -> 1
A9: Ca ICP analysis
A10: sample | B10: Dilution | C10: conc. [mg/L] | D10: Ca_ppm [dried] | E10: %Ca [dried]
A11: 200120000_1 | B11: ="50/2" -> 50/2 | C11: 2.045 | D11: =((C11)*(H11)*(I11))/(G11*$F$7) -> 63906.25 | E11: =D11/10000 -> 6.390625 | G11: =digestion_page!B10 -> 0.2 | H11: =digestion_page!C10 -> 250 | I11: =(LEFT(B11,FIND("/",B11)-1)/RIGHT(B11,LEN(B11)-FIND("/", B11))) -> 25
A12: 200120000_2 | B12: ="50/2" -> 50/2 | C12: 2.063 | D12: =((C12)*(H12)*(I12))/(G12*$F$7) -> 64468.75 | E12: =D12/10000 -> 6.446875 | G12: =digestion_page!B11 -> 0.2 | H12: =digestion_page!C11 -> 250 | I12: =(LEFT(B12,FIND("/",B12)-1)/RIGHT(B12,LEN(B12)-FIND("/", B12))) -> 25
A14: ca result: | C14: =AVERAGE(D11:D12) -> 64187.5
A15: ca result: | C15: =AVERAGE(E11:E12) -> 6.41875
A16: ca oxide factor: | C16: 1.399
A17: ca oxide result: | C17: =AVERAGE(E11:E12)*(C16) -> 8.9798313
A18: ca lot: | C18: Manufacturer: Assurance, 28-35CAY exp: 2026-10-30
B20: Note(s):

Sheet 200120002
A1: Date: | B1: 46248
A2: Request ID: | B2: 100048000
A5: LOI temp: | B5: 900
A6: sample | B6: crucible (g) | C6: crucible + sample (g) | D6: ="after "&B5&" °C" -> after 900 °C | E6: LOI (%) | F6: correction
A7: 200120002 | B7: 2 | C7: 2.1 | D7: 2.1 | E7: =(((C7-B7)-(D7-B7))/(C7-B7))*100 -> 0 | F7: =1-(E7/100) -> 1
A9: Ca ICP analysis
A10: sample | B10: Dilution | C10: conc. [mg/L] | D10: Ca_ppm [dried] | E10: %Ca [dried]
A11: 200120002_1 | B11: ="50/2" -> 50/2 | C11: 2.063 | D11: =((C11)*(H11)*(I11))/(G11*$F$7) -> 64436.532 | E11: =D11/10000 -> 6.4436532 | G11: =digestion_page!B12 -> 0.2001 | H11: =digestion_page!C12 -> 250 | I11: =(LEFT(B11,FIND("/",B11)-1)/RIGHT(B11,LEN(B11)-FIND("/", B11))) -> 25
A12: 200120002_2 | B12: ="50/2" -> 50/2 | C12: 2.085 | D12: =((C12)*(H12)*(I12))/(G12*$F$7) -> 65091.159 | E12: =D12/10000 -> 6.5091159 | G12: =digestion_page!B13 -> 0.2002 | H12: =digestion_page!C13 -> 250 | I12: =(LEFT(B12,FIND("/",B12)-1)/RIGHT(B12,LEN(B12)-FIND("/", B12))) -> 25
A14: ca result: | C14: =AVERAGE(D11:D12) -> 64763.845
A15: ca result: | C15: =AVERAGE(E11:E12) -> 6.4763845
A16: ca oxide factor: | C16: 1.399
A17: ca oxide result: | C17: =AVERAGE(E11:E12)*(C16) -> 9.060462
A18: ca lot: | C18: Manufacturer: Assurance, 28-35CAY exp: 2026-10-30
A20: Ti ICP analysis
A21: sample | B21: Dilution | C21: conc. [mg/L] | D21: Ti_ppm [dried] | E21: %Ti [dried]
A22: 200120002_1 | B22: ="10/1" -> 10/1 | C22: 1.889 | D22: =((C22)*(H22)*(I22))/(G22*$F$7) -> 23600.7 | E22: =D22/10000 -> 2.36007 | G22: =digestion_page!B21 -> 0.2001 | H22: =digestion_page!C21 -> 250 | I22: =(LEFT(B22,FIND("/",B22)-1)/RIGHT(B22,LEN(B22)-FIND("/", B22))) -> 10
A23: 200120002_2 | B23: ="10/1" -> 10/1 | C23: 1.906 | D23: =((C23)*(H23)*(I23))/(G23*$F$7) -> 23801.199 | E23: =D23/10000 -> 2.3801199 | G23: =digestion_page!B22 -> 0.2002 | H23: =digestion_page!C22 -> 250 | I23: =(LEFT(B23,FIND("/",B23)-1)/RIGHT(B23,LEN(B23)-FIND("/", B23))) -> 10
A25: ti result: | C25: =AVERAGE(D22:D23) -> 23700.949
A26: ti result: | C26: =AVERAGE(E22:E23) -> 2.3700949
A27: ti oxide factor: | C27: 1.668
A28: ti oxide result: | C28: =AVERAGE(E22:E23)*(C27) -> 3.9533183
A29: ti lot: | C29: Manufacturer: Assurance, 27-189TIT exp: 2026-08-30
B31: Note(s):

Sheet 200120004
A1: Date: | B1: 46248
A2: Request ID: | B2: 100048000
A5: LOI temp: | B5: 900
A6: sample | B6: crucible (g) | C6: crucible + sample (g) | D6: ="after "&B5&" °C" -> after 900 °C | E6: LOI (%) | F6: correction
A7: 200120004 | B7: 2 | C7: 2.1 | D7: 2.1 | E7: =(((C7-B7)-(D7-B7))/(C7-B7))*100 -> 0 | F7: =1-(E7/100) -> 1
A9: Pt ICP analysis
A10: sample | B10: Dilution | C10: conc. [mg/L] | D10: Pt_ppm [dried] | E10: %Pt [dried]
A11: 200120004_1 | B11: ="10/9" -> 10/9 | C11: 2 | D11: =((C11)*(H11)*(I11))/(G11*$F$7) -> 222.22222 | E11: =D11/10000 -> 0.022222222 | G11: =digestion_page!B30 -> 0.5 | H11: =digestion_page!C30 -> 50 | I11: =(LEFT(B11,FIND("/",B11)-1)/RIGHT(B11,LEN(B11)-FIND("/", B11))) -> 1.1111111
A12: 200120004_2 | B12: ="10/9" -> 10/9 | C12: 2.002 | D12: =((C12)*(H12)*(I12))/(G12*$F$7) -> 222.44444 | E12: =D12/10000 -> 0.022244444 | G12: =digestion_page!B31 -> 0.5 | H12: =digestion_page!C31 -> 50 | I12: =(LEFT(B12,FIND("/",B12)-1)/RIGHT(B12,LEN(B12)-FIND("/", B12))) -> 1.1111111
A14: pt result: | C14: =AVERAGE(D11:D12) -> 222.33333
A15: pt result: | C15: =AVERAGE(E11:E12) -> 0.022233333
A16: pt lot: | C16: Manufacturer: Assurance, 28-2PTY exp: 2027-02-28
B18: Note(s):

Sheet formula_page
A1: ppm M+ = [conc.][volume][dilution]/[weight]
A3: %M+ = [conc.][volume][dilution]/([weight]*10,000)
A5: %MO = [oxide factor]*%M+
A7: %MO = [oxide factor]*%M+
A9: A = crucible
A10: B = crucible + sample
A11: C = crucible + sample after drying
A13: %LOI = ([B-A]-[C-A])/(B-A)*100%
A15: ppm M+ [dried] = ppm M+/([1-(%LOI)/100])
A17: %M+ [dried] = %M+/([1-(%LOI)/100])
A19: %MO [dried] = %MO/([1-(%LOI)/100])
A21: %MO [dried] = %MO/([1-(%LOI)/100])
